代號,分類,最新月份,最新月年增%,近36月可比基數,近36月成長月數,近36月成長比率%,近12月成長,近12月樣態,連續成長月數,近36月平均年增%
2330,🟢 全期強勢,2026/05,30.1,36,30,83.3,12/12,✔✔✔✔✔✔✔✔✔✔✔✔,29,25.4
2454,🔵 多數成長,2026/05,5.0,36,26,72.2,8/12,✔✗✔✔✔✔✔✗✗✔✗✔,1,12.1
2308,🟢 全期強勢,2026/05,43.7,36,30,83.3,12/12,✔✔✔✔✔✔✔✔✔✔✔✔,26,17.4
2317,🔵 多數成長,2026/05,39.6,36,28,77.8,12/12,✔✔✔✔✔✔✔✔✔✔✔✔,27,13.4
3711,🔵 多數成長,2026/05,28.6,36,25,69.4,11/12,✔✗✔✔✔✔✔✔✔✔✔✔,10,3.6
2327,🔵 多數成長,2026/05,47.5,36,26,72.2,11/12,✔✗✔✔✔✔✔✔✔✔✔✔,10,9.6
2881,🔵 多數成長,2026/05,300.3,36,25,69.4,7/12,✗✗✔✔✔✔✔✗✗✗✔✔,2,118.3
2383,🟢 全期強勢,2026/05,114.6,36,35,97.2,12/12,✔✔✔✔✔✔✔✔✔✔✔✔,35,51.3
2303,🔵 多數成長,2026/05,17.8,36,22,61.1,9/12,✔✗✗✔✗✔✔✔✔✔✔✔,7,-0.7
2882,🟡 中性,2026/05,28.8,36,19,52.8,6/12,✗✗✔✔✔✔✗✗✗✗✔✔,2,40.8
3037,🔵 多數成長,2026/05,32.4,36,28,77.8,12/12,✔✔✔✔✔✔✔✔✔✔✔✔,28,6.3
2408,🔵 多數成長,2026/05,730.1,36,22,61.1,12/12,✔✔✔✔✔✔✔✔✔✔✔✔,12,131.1
2382,🔵 多數成長,2026/05,94.4,36,28,77.8,12/12,✔✔✔✔✔✔✔✔✔✔✔✔,28,35.6
2891,🟢 全期強勢,2026/05,76.1,36,30,83.3,10/12,✔✗✔✔✔✔✔✔✔✗✔✔,2,66.9
2345,🟢 全期強勢,2026/05,56.6,36,33,91.7,12/12,✔✔✔✔✔✔✔✔✔✔✔✔,27,63.0
7769,— 資料不足/新上市
2412,🟢 全期強勢,2026/05,5.4,36,30,83.3,11/12,✔✔✔✔✔✔✗✔✔✔✔✔,5,3.5
1303,🟡 中性,2026/05,31.4,36,17,47.2,5/12,✗✗✗✔✗✗✗✔✗✔✔✔,3,-1.8
2360,🔵 多數成長,2026/05,133.1,36,28,77.8,12/12,✔✔✔✔✔✔✔✔✔✔✔✔,12,26.0
6669,🔵 多數成長,2026/05,18.2,36,28,77.8,12/12,✔✔✔✔✔✔✔✔✔✔✔✔,26,74.5
3017,🟢 全期強勢,2026/05,60.6,36,36,100.0,12/12,✔✔✔✔✔✔✔✔✔✔✔✔,40,53.3
2344,🔵 多數成長,2026/05,182.0,36,23,63.9,10/12,✗✗✔✔✔✔✔✔✔✔✔✔,10,22.7
2885,🔵 多數成長,2026/05,227.3,36,28,77.8,10/12,✗✗✔✔✔✔✔✔✔✔✔✔,10,28.3
2887,🟢 全期強勢,2026/05,117.9,36,31,86.1,11/12,✗✔✔✔✔✔✔✔✔✔✔✔,11,49.1
2368,🟢 全期強勢,2026/05,87.3,36,30,83.3,12/12,✔✔✔✔✔✔✔✔✔✔✔✔,29,36.6
5274,🟢 全期強勢,2026/05,68.7,36,29,80.6,12/12,✔✔✔✔✔✔✔✔✔✔✔✔,29,53.5
4958,🔵 多數成長,2026/05,37.4,36,24,66.7,7/12,✔✗✗✔✗✗✔✔✗✔✔✔,3,8.4
3443,🟡 中性,2026/05,132.1,36,21,58.3,10/12,✗✗✔✔✔✔✔✔✔✔✔✔,10,26.2
3008,🔵 多數成長,2026/05,41.8,36,25,69.4,5/12,✔✗✗✗✗✗✗✔✗✔✔✔,3,14.6
2886,🔵 多數成長,2026/05,22.3,36,27,75.0,11/12,✔✔✔✔✔✔✔✔✗✔✔✔,3,16.1
2059,🟢 全期強勢,2026/05,172.1,36,30,83.3,12/12,✔✔✔✔✔✔✔✔✔✔✔✔,30,57.0
6223,🟢 全期強勢,2026/05,57.8,36,36,100.0,12/12,✔✔✔✔✔✔✔✔✔✔✔✔,40,27.6
2357,🟢 全期強勢,2026/05,9.3,36,32,88.9,12/12,✔✔✔✔✔✔✔✔✔✔✔✔,29,20.1
3653,🟢 全期強勢,2026/05,37.7,36,29,80.6,11/12,✔✔✔✔✔✔✔✔✗✔✔✔,3,23.1
2884,🟢 全期強勢,2026/05,24.8,36,32,88.9,12/12,✔✔✔✔✔✔✔✔✔✔✔✔,16,22.2
8046,🟡 中性,2026/05,35.8,36,18,50.0,12/12,✔✔✔✔✔✔✔✔✔✔✔✔,18,-2.6
2880,🟢 全期強勢,2026/05,58.3,36,31,86.1,12/12,✔✔✔✔✔✔✔✔✔✔✔✔,12,12.2
2890,🟢 全期強勢,2026/05,82.7,36,34,94.4,12/12,✔✔✔✔✔✔✔✔✔✔✔✔,14,24.3
6488,🔴 轉弱/衰退,2026/05,-3.3,36,11,30.6,4/12,✔✗✗✔✗✗✔✗✗✔✗✗,0,-6.7
8299,🔵 多數成長,2026/05,301.2,36,26,72.2,12/12,✔✔✔✔✔✔✔✔✔✔✔✔,14,50.2
2883,🔵 多數成長,2026/05,172.7,36,22,61.1,8/12,✔✗✔✔✔✔✗✔✗✗✔✔,2,-122.3
3231,🔵 多數成長,2026/05,39.2,36,28,77.8,12/12,✔✔✔✔✔✔✔✔✔✔✔✔,26,56.5
6505,🔴 轉弱/衰退,2026/05,26.9,36,11,30.6,4/12,✗✗✗✗✗✗✔✗✗✔✔✔,3,-5.8
6274,🟢 全期強勢,2026/05,124.4,36,32,88.9,12/12,✔✔✔✔✔✔✔✔✔✔✔✔,27,36.2
2301,🟡 中性,2026/05,29.6,36,21,58.3,12/12,✔✔✔✔✔✔✔✔✔✔✔✔,20,5.2
3481,🔵 多數成長,2026/05,10.3,36,24,66.7,10/12,✗✔✔✔✔✗✔✔✔✔✔✔,6,7.8
2892,🔵 多數成長,2026/05,26.9,36,25,69.4,11/12,✔✔✔✔✔✔✔✔✗✔✔✔,3,6.4
1216,🟢 全期強勢,2026/05,2.7,36,31,86.1,8/12,✔✗✗✔✗✗✔✔✔✔✔✔,6,8.5
2395,🟡 中性,2026/05,32.1,36,21,58.3,12/12,✔✔✔✔✔✔✔✔✔✔✔✔,20,4.5
2603,🟡 中性,2026/05,31.4,36,17,47.2,2/12,✗✗✗✗✗✗✗✗✗✗✔✔,2,7.7
3665,🔵 多數成長,2026/05,41.3,36,25,69.4,12/12,✔✔✔✔✔✔✔✔✔✔✔✔,23,14.7
4904,🟢 全期強勢,2026/05,13.7,36,34,94.4,11/12,✗✔✔✔✔✔✔✔✔✔✔✔,11,8.2
5880,🔵 多數成長,2026/05,17.5,36,26,72.2,8/12,✔✗✔✔✔✔✔✗✗✗✔✔,2,9.4
2379,🔵 多數成長,2026/05,21.9,36,25,69.4,7/12,✗✗✗✔✔✔✗✔✗✔✔✔,3,10.5
6446,🟢 全期強勢,2026/05,108.5,36,36,100.0,12/12,✔✔✔✔✔✔✔✔✔✔✔✔,37,78.8
3189,🔵 多數成長,2026/05,33.0,36,27,75.0,12/12,✔✔✔✔✔✔✔✔✔✔✔✔,18,11.8
3045,🔵 多數成長,2026/05,3.9,36,28,77.8,6/12,✗✗✗✗✗✔✔✔✗✔✔✔,3,4.5
3661,🟡 中性,2026/05,-33.5,36,20,55.6,0/12,✗✗✗✗✗✗✗✗✗✗✗✗,0,28.0
2449,🟡 中性,2026/05,36.6,36,17,47.2,12/12,✔✔✔✔✔✔✔✔✔✔✔✔,14,7.5
6515,🔵 多數成長,2026/05,119.8,36,22,61.1,8/12,✗✔✗✗✔✔✔✔✗✔✔✔,3,36.6
2337,🟡 中性,2026/05,175.8,36,21,58.3,11/12,✔✔✗✔✔✔✔✔✔✔✔✔,9,10.1
2313,🟡 中性,2026/05,13.0,36,21,58.3,8/12,✔✗✗✔✔✗✔✔✔✔✗✔,1,5.1
1326,🟡 中性,2026/05,15.5,36,15,41.7,4/12,✗✗✗✗✗✗✗✔✗✔✔✔,3,-3.4
3034,🔴 轉弱/衰退,2026/05,9.4,36,14,38.9,2/12,✗✗✗✗✗✗✗✗✗✗✔✔,2,3.0
5347,🔵 多數成長,2026/05,19.5,36,24,66.7,10/12,✔✔✗✔✔✔✔✔✗✔✔✔,3,7.5
1301,🔴 轉弱/衰退,2026/05,0.7,36,13,36.1,3/12,✗✗✗✗✗✗✗✗✗✔✔✔,3,-6.1
3044,🟢 全期強勢,2026/05,46.6,36,29,80.6,12/12,✔✔✔✔✔✔✔✔✔✔✔✔,16,11.1
6770,🔵 多數成長,2026/05,58.9,36,23,63.9,12/12,✔✔✔✔✔✔✔✔✔✔✔✔,12,-0.4
2002,🔴 轉弱/衰退,2026/05,2.2,36,7,19.4,3/12,✗✗✗✗✗✗✗✔✗✗✔✔,2,-7.2
3036,🟢 全期強勢,2026/05,152.7,36,31,86.1,10/12,✗✗✔✔✔✔✔✔✔✔✔✔,10,47.5
2801,🔵 多數成長,2026/05,24.6,36,26,72.2,11/12,✔✔✗✔✔✔✔✔✔✔✔✔,9,9.7
1590,🔵 多數成長,2026/05,40.4,36,27,75.0,11/12,✔✔✔✔✔✔✔✔✗✔✔✔,3,14.5
2492,🟢 全期強勢,2026/05,16.5,36,31,86.1,10/12,✔✔✔✗✔✔✔✔✗✔✔✔,3,6.3
3533,🔵 多數成長,2026/05,9.0,36,27,75.0,11/12,✔✔✗✔✔✔✔✔✔✔✔✔,9,13.1
6239,🟡 中性,2026/05,30.2,36,21,58.3,11/12,✗✔✔✔✔✔✔✔✔✔✔✔,11,5.9
2207,🟡 中性,2026/05,15.7,36,21,58.3,7/12,✗✗✔✔✔✗✗✔✗✔✔✔,3,4.1
1519,🟢 全期強勢,2026/05,-9.3,36,34,94.4,11/12,✔✔✔✔✔✔✔✔✔✔✔✗,0,57.0
2404,🟡 中性,2026/05,85.0,36,19,52.8,12/12,✔✔✔✔✔✔✔✔✔✔✔✔,14,19.5
2356,🔵 多數成長,2026/05,35.3,36,27,75.0,7/12,✔✗✔✔✗✗✗✔✗✔✔✔,3,15.0
2912,🟢 全期強勢,2026/05,5.3,36,35,97.2,12/12,✔✔✔✔✔✔✔✔✔✔✔✔,15,5.8
2376,🟢 全期強勢,2026/05,5.0,36,34,94.4,11/12,✔✔✗✔✔✔✔✔✔✔✔✔,9,63.2
3529,🟢 全期強勢,2026/05,12.0,36,29,80.6,9/12,✗✔✗✔✔✔✗✔✔✔✔✔,5,12.8
2618,🟢 全期強勢,2026/05,22.1,36,31,86.1,7/12,✗✗✗✗✔✔✔✗✔✔✔✔,4,14.7
8069,🟡 中性,2026/05,1.0,36,20,55.6,8/12,✔✔✔✔✗✗✗✔✔✔✗✔,1,9.9
2615,🟡 中性,2026/05,22.9,36,17,47.2,2/12,✗✗✗✗✗✗✗✗✗✗✔✔,2,8.9
4938,🔴 轉弱/衰退,2026/05,12.0,36,12,33.3,3/12,✔✗✗✔✗✗✗✗✗✗✗✔,1,-6.0
6415,🔵 多數成長,2026/05,31.6,36,23,63.9,9/12,✗✗✗✔✔✔✔✔✔✔✔✔,9,6.6
3105,🔵 多數成長,2026/05,40.3,36,23,63.9,9/12,✗✗✗✔✔✔✔✔✔✔✔✔,9,13.2
3293,🟢 全期強勢,2026/05,12.0,36,36,100.0,12/12,✔✔✔✔✔✔✔✔✔✔✔✔,41,23.0
5876,🔵 多數成長,2026/05,5.3,36,24,66.7,7/12,✗✗✔✔✔✔✗✔✔✗✗✔,1,5.1
3081,🔵 多數成長,2026/05,118.8,36,26,72.2,12/12,✔✔✔✔✔✔✔✔✔✔✔✔,17,39.5
1802,🟡 中性,2026/05,17.7,36,16,44.4,6/12,✗✔✗✔✗✗✗✔✗✔✔✔,3,0.3
5871,🟡 中性,2026/05,1.3,36,20,55.6,1/12,✗✗✗✗✗✗✗✗✗✗✗✔,1,1.9
2409,🔵 多數成長,2026/05,-1.4,36,26,72.2,5/12,✗✗✗✗✔✔✔✔✗✔✗✗,0,10.0
6139,🔵 多數成長,2026/05,103.3,36,24,66.7,10/12,✗✗✔✔✔✔✔✔✔✔✔✔,10,53.9
1101,🔴 轉弱/衰退,2026/05,-0.1,36,14,38.9,1/12,✗✗✗✗✗✗✗✔✗✗✗✗,0,12.6
2609,🟡 中性,2026/05,22.2,36,16,44.4,2/12,✗✗✗✗✗✗✗✗✗✗✔✔,2,0.8
3702,🟢 全期強勢,2026/05,82.9,36,30,83.3,10/12,✔✔✗✗✔✔✔✔✔✔✔✔,8,20.9
5289,🔵 多數成長,2026/05,640.8,36,28,77.8,12/12,✔✔✔✔✔✔✔✔✔✔✔✔,26,86.8
2834,🔵 多數成長,2026/05,22.5,36,25,69.4,8/12,✔✗✔✗✔✗✔✔✗✔✔✔,3,5.4
1605,🟡 中性,2026/05,11.1,36,15,41.7,3/12,✗✗✗✗✗✗✔✗✗✔✗✔,1,-2.1
6147,🔵 多數成長,2026/05,19.1,36,22,61.1,9/12,✔✗✗✔✗✔✔✔✔✔✔✔,7,3.6
8210,🟢 全期強勢,2026/05,37.3,36,29,80.6,12/12,✔✔✔✔✔✔✔✔✔✔✔✔,17,45.5
2324,🔴 轉弱/衰退,2026/05,22.3,36,10,27.8,5/12,✗✗✗✗✗✗✔✔✗✔✔✔,3,-7.6
1504,🟡 中性,2026/05,10.6,36,20,55.6,11/12,✔✔✔✔✔✔✔✔✗✔✔✔,3,1.1
7750,— 資料不足/新上市
6789,🟡 中性,2026/05,16.1,36,20,55.6,4/12,✗✗✗✗✗✗✗✔✔✔✗✔,1,8.7
8358,🔵 多數成長,2026/05,41.4,36,27,75.0,12/12,✔✔✔✔✔✔✔✔✔✔✔✔,18,14.4
6919,— 資料不足/新上市,2026/04,-70.8,4,1,25.0,1/4,✗✗✔✗,0,-48.1
1402,🟡 中性,2026/05,19.4,36,16,44.4,2/12,✗✗✗✗✗✗✗✗✗✗✔✔,2,0.2
2347,🟡 中性,2026/05,129.7,36,20,55.6,8/12,✗✗✗✗✔✔✔✔✔✔✔✔,8,9.8
3532,🔴 轉弱/衰退,2026/05,24.4,36,12,33.3,9/12,✗✗✔✔✔✔✔✔✗✔✔✔,3,-5.7
6531,🟢 全期強勢,2026/05,89.3,36,29,80.6,11/12,✔✔✗✔✔✔✔✔✔✔✔✔,9,29.9
3026,🟡 中性,2026/05,21.3,36,16,44.4,7/12,✗✗✗✔✗✔✔✔✗✔✔✔,3,1.2
5536,🔵 多數成長,2026/05,27.8,36,27,75.0,12/12,✔✔✔✔✔✔✔✔✔✔✔✔,26,20.9
2633,🟢 全期強勢,2026/05,3.5,36,30,83.3,9/12,✗✔✔✗✔✔✔✗✔✔✔✔,4,9.6
8996,🔵 多數成長,2026/05,40.0,36,27,75.0,12/12,✔✔✔✔✔✔✔✔✔✔✔✔,16,50.5
6442,🔵 多數成長,2026/05,116.0,36,28,77.8,9/12,✔✔✔✔✔✔✗✗✔✔✗✔,1,82.7
3260,🔵 多數成長,2026/05,210.4,36,27,75.0,12/12,✔✔✔✔✔✔✔✔✔✔✔✔,14,46.8
2451,🔵 多數成長,2026/05,469.8,36,22,61.1,12/12,✔✔✔✔✔✔✔✔✔✔✔✔,16,81.0
2610,🟢 全期強勢,2026/05,27.7,36,29,80.6,6/12,✗✗✗✗✔✗✔✗✔✔✔✔,4,11.6
6285,🟡 中性,2026/05,34.8,36,20,55.6,7/12,✗✔✗✔✔✗✗✔✗✔✔✔,3,3.6
1102,🔴 轉弱/衰退,2026/05,-1.2,36,9,25.0,1/12,✗✗✗✗✗✗✗✔✗✗✗✗,0,-6.9
1503,🔵 多數成長,2026/05,8.4,36,24,66.7,9/12,✔✗✔✗✔✔✔✔✗✔✔✔,3,7.0
2812,🟢 全期強勢,2026/05,28.3,36,32,88.9,11/12,✗✔✔✔✔✔✔✔✔✔✔✔,11,12.3
6196,🟡 中性,2026/05,64.9,36,18,50.0,6/12,✗✗✗✗✗✔✗✔✔✔✔✔,5,2.0
6805,🟢 全期強勢,2026/05,37.2,22,22,100.0,12/12,✔✔✔✔✔✔✔✔✔✔✔✔,22,55.2
5483,🔴 轉弱/衰退,2026/05,5.7,36,13,36.1,5/12,✔✗✗✔✗✗✔✗✗✔✗✔,1,-1.9
6510,🔵 多數成長,2026/05,34.1,36,24,66.7,10/12,✔✔✔✔✔✗✗✔✔✔✔✔,5,18.7
2377,🔵 多數成長,2026/05,-23.7,36,28,77.8,7/12,✔✔✔✗✔✔✔✔✗✗✗✗,0,11.5
2474,🟡 中性,2026/05,-48.3,36,19,52.8,6/12,✔✗✔✔✔✔✗✔✗✗✗✗,0,-7.3
2049,🟡 中性,2026/05,28.2,36,17,47.2,6/12,✗✗✗✗✗✔✔✔✗✔✔✔,3,0.4
3706,🔵 多數成長,2026/05,49.3,36,28,77.8,11/12,✔✔✔✔✔✗✔✔✔✔✔✔,6,51.1
6526,🔵 多數成長,2026/05,12.9,22,17,77.3,7/12,✔✔✗✗✗✗✗✔✔✔✔✔,5,18.9
6187,🔵 多數成長,2026/05,43.8,36,27,75.0,7/12,✔✔✗✗✗✗✗✔✔✔✔✔,5,121.4
3491,🔵 多數成長,2026/05,57.2,36,24,66.7,8/12,✗✗✗✗✔✔✔✔✔✔✔✔,8,26.4
5269,🟢 全期強勢,2026/05,-19.4,36,32,88.9,10/12,✔✔✔✔✔✔✔✔✔✔✗✗,0,43.9
2353,🟢 全期強勢,2026/05,36.5,36,29,80.6,10/12,✔✗✗✔✔✔✔✔✔✔✔✔,9,10.2
2027,🟡 中性,2026/05,42.5,36,18,50.0,12/12,✔✔✔✔✔✔✔✔✔✔✔✔,18,2.7
6257,🟢 全期強勢,2026/05,23.7,36,30,83.3,12/12,✔✔✔✔✔✔✔✔✔✔✔✔,30,8.8
8464,🟡 中性,2026/05,3.3,36,20,55.6,3/12,✔✗✗✗✗✗✗✗✗✔✗✔,1,4.2
1560,🔵 多數成長,2026/05,17.8,36,28,77.8,12/12,✔✔✔✔✔✔✔✔✔✔✔✔,26,10.9
7610,— 資料不足/新上市
6781,🔵 多數成長,2026/05,20.9,36,23,63.9,12/12,✔✔✔✔✔✔✔✔✔✔✔✔,23,17.6
3264,🔴 轉弱/衰退,2026/05,33.0,36,14,38.9,11/12,✔✗✔✔✔✔✔✔✔✔✔✔,10,2.7
7856,— 資料不足/新上市
2838,🔵 多數成長,2026/05,61.1,36,28,77.8,12/12,✔✔✔✔✔✔✔✔✔✔✔✔,12,12.1
2542,🟡 中性,2026/05,2114.2,36,19,52.8,9/12,✔✗✔✗✗✔✔✔✔✔✔✔,7,447.2
6213,🔵 多數成長,2026/05,29.3,36,28,77.8,11/12,✔✗✔✔✔✔✔✔✔✔✔✔,10,13.3
2105,🔴 轉弱/衰退,2026/05,1.2,36,13,36.1,4/12,✗✗✗✗✗✗✗✔✗✔✔✔,3,-1.7
3324,🟢 全期強勢,2026/05,93.8,36,29,80.6,11/12,✗✔✔✔✔✔✔✔✔✔✔✔,11,36.5
7734,— 資料不足/新上市,2026/05,137.1,6,6,100.0,6/6,✔✔✔✔✔✔,6,78.1
5434,🔵 多數成長,2026/05,18.6,36,25,69.4,11/12,✔✔✔✔✗✔✔✔✔✔✔✔,7,12.5
3131,🔵 多數成長,2026/05,7.2,36,27,75.0,11/12,✔✔✔✔✔✔✔✔✔✔✗✔,1,27.7
2467,🔵 多數成長,2026/05,74.6,36,27,75.0,11/12,✗✔✔✔✔✔✔✔✔✔✔✔,11,26.5
1476,🔵 多數成長,2026/05,0.7,36,23,63.9,5/12,✗✗✗✔✗✔✗✔✗✔✗✔,1,6.2
4749,— 資料不足/新上市,2026/05,10.4,7,6,85.7,6/7,✔✔✔✔✔✗✔,1,16.3
3595,🟡 中性,2026/05,215.1,36,20,55.6,12/12,✔✔✔✔✔✔✔✔✔✔✔✔,17,83.5
3090,🟢 全期強勢,2026/05,20.0,36,35,97.2,12/12,✔✔✔✔✔✔✔✔✔✔✔✔,27,20.4
6005,🟢 全期強勢,2026/05,155.5,36,32,88.9,11/12,✔✗✔✔✔✔✔✔✔✔✔✔,10,55.4
1785,🟢 全期強勢,2026/05,95.5,36,31,86.1,12/12,✔✔✔✔✔✔✔✔✔✔✔✔,16,33.6
6691,🔵 多數成長,2026/05,82.4,36,24,66.7,11/12,✔✔✔✔✔✗✔✔✔✔✔✔,6,28.1
1513,🟢 全期強勢,2026/05,3.6,36,32,88.9,10/12,✔✔✔✔✗✔✔✔✗✔✔✔,3,12.0
6548,🔵 多數成長,2026/05,36.7,36,25,69.4,12/12,✔✔✔✔✔✔✔✔✔✔✔✔,24,4.7
7828,— 資料不足/新上市
8454,🔵 多數成長,2026/05,4.1,36,25,69.4,4/12,✗✗✗✗✗✗✗✔✗✔✔✔,3,1.1
1717,🟡 中性,2026/05,14.9,36,16,44.4,4/12,✗✗✗✗✗✗✗✔✗✔✔✔,3,-1.1
2385,🔴 轉弱/衰退,2026/05,-11.0,36,12,33.3,2/12,✗✗✗✗✗✗✗✔✗✔✗✗,0,-4.0
2855,🔵 多數成長,2026/05,428.4,36,25,69.4,10/12,✗✔✔✔✔✔✔✔✔✗✔✔,2,103.3
3406,🔵 多數成長,2026/05,30.2,36,28,77.8,12/12,✔✔✔✔✔✔✔✔✔✔✔✔,12,19.3
2354,🟡 中性,2026/05,-40.6,36,20,55.6,7/12,✔✔✔✔✔✔✗✔✗✗✗✗,0,56.7
6409,🔴 轉弱/衰退,2026/05,0.3,36,14,38.9,1/12,✗✗✗✗✗✗✗✗✗✗✗✔,1,-2.1
2455,🔵 多數成長,2026/05,46.5,36,26,72.2,11/12,✗✔✔✔✔✔✔✔✔✔✔✔,11,30.2
7861,— 資料不足/新上市
4919,🔴 轉弱/衰退,2026/05,2.1,36,5,13.9,3/12,✗✗✗✗✗✗✗✔✗✗✔✔,2,-7.1
8021,🟢 全期強勢,2026/05,86.3,36,29,80.6,12/12,✔✔✔✔✔✔✔✔✔✔✔✔,29,24.0
6944,— 資料不足/新上市,2026/05,48.2,3,3,100.0,3/3,✔✔✔,3,34.6
3030,🟢 全期強勢,2026/05,14.7,36,29,80.6,12/12,✔✔✔✔✔✔✔✔✔✔✔✔,17,31.5
9904,🟡 中性,2026/05,0.2,36,17,47.2,3/12,✗✗✗✗✗✗✗✗✔✗✔✔,2,-1.3
3363,🟡 中性,2026/05,-24.8,36,21,58.3,7/12,✔✔✔✔✔✗✔✗✔✗✗✗,0,12.8
9945,🟡 中性,2026/05,72.0,36,21,58.3,10/12,✔✔✗✔✔✔✔✔✗✔✔✔,3,17.0
3042,🔵 多數成長,2026/05,10.5,36,25,69.4,7/12,✔✗✗✗✗✔✗✔✔✔✔✔,5,7.1
4979,🟢 全期強勢,2026/05,21.1,36,32,88.9,9/12,✔✔✔✗✗✔✔✔✗✔✔✔,3,47.4
6121,🔴 轉弱/衰退,2026/05,4.0,36,14,38.9,8/12,✔✗✗✗✔✔✔✔✗✔✔✔,3,-2.2
3023,🟡 中性,2026/05,17.5,36,16,44.4,4/12,✗✗✗✗✗✗✗✔✗✔✔✔,3,-0.7
1229,🟡 中性,2026/05,-8.8,36,20,55.6,9/12,✔✔✔✔✔✔✔✔✗✔✗✗,0,3.1
3450,🟡 中性,2026/05,49.9,36,20,55.6,3/12,✔✗✗✗✗✗✗✗✗✗✔✔,2,18.9
2441,🟢 全期強勢,2026/05,20.9,36,33,91.7,12/12,✔✔✔✔✔✔✔✔✔✔✔✔,33,11.2
9910,🔴 轉弱/衰退,2026/05,11.7,36,12,33.3,1/12,✗✗✗✗✗✗✗✗✗✗✗✔,1,-2.3
3167,🟢 全期強勢,2026/05,120.3,36,32,88.9,12/12,✔✔✔✔✔✔✔✔✔✔✔✔,32,83.0
3163,🟡 中性,2026/05,30.0,36,21,58.3,12/12,✔✔✔✔✔✔✔✔✔✔✔✔,16,-1.2
6182,🟡 中性,2026/05,11.9,36,18,50.0,11/12,✔✔✔✔✔✔✔✔✗✔✔✔,3,-4.1
4991,🟢 全期強勢,2026/05,54.4,36,29,80.6,12/12,✔✔✔✔✔✔✔✔✔✔✔✔,12,36.2
8150,🔵 多數成長,2026/05,17.7,36,25,69.4,9/12,✗✗✗✔✔✔✔✔✔✔✔✔,9,9.9
3374,🔵 多數成長,2026/05,43.3,36,24,66.7,9/12,✗✗✗✔✔✔✔✔✔✔✔✔,9,7.7
3211,🔴 轉弱/衰退,2026/05,-10.8,36,12,33.3,9/12,✗✗✔✔✔✔✔✔✔✔✔✗,0,-5.8
5904,🟢 全期強勢,2026/05,19.2,36,32,88.9,11/12,✔✔✔✔✔✔✔✗✔✔✔✔,4,9.5
3583,🟢 全期強勢,2026/05,1.5,36,35,97.2,11/12,✔✔✔✔✗✔✔✔✔✔✔✔,7,25.0
2845,🟡 中性,2026/05,21.7,36,18,50.0,9/12,✔✗✗✔✗✔✔✔✔✔✔✔,7,4.8
8926,🔵 多數成長,2026/05,768.2,36,24,66.7,6/12,✗✗✗✗✔✗✗✔✔✔✔✔,5,117.7
3006,🔵 多數成長,2026/05,296.8,36,24,66.7,10/12,✗✔✗✔✔✔✔✔✔✔✔✔,9,37.6
3005,🔵 多數成長,2026/05,15.1,36,24,66.7,10/12,✔✔✔✔✔✔✔✔✗✗✔✔,2,5.4
2646,— 資料不足/新上市,2026/05,41.2,10,9,90.0,9/10,✔✔✔✔✔✗✔✔✔✔,4,21.8
2645,🟢 全期強勢,2026/05,10.6,36,31,86.1,10/12,✔✔✔✔✔✔✗✔✗✔✔✔,3,15.6
6451,🟡 中性,2026/05,4.9,36,19,52.8,8/12,✔✔✔✔✔✔✗✔✗✗✗✔,1,14.6
1319,🟡 中性,2026/05,2.5,36,21,58.3,1/12,✗✗✗✗✗✗✗✗✗✗✗✔,1,3.2
2472,🔵 多數成長,2026/05,30.0,36,27,75.0,10/12,✔✔✗✔✗✔✔✔✔✔✔✔,7,9.3
2371,🔵 多數成長,2026/05,-14.3,36,24,66.7,8/12,✗✔✔✔✔✔✔✔✗✔✗✗,0,9.7
6278,🟡 中性,2026/05,2.4,36,21,58.3,10/12,✔✔✔✔✔✔✔✔✗✗✔✔,2,-1.8
2486,🟢 全期強勢,2026/05,31.4,36,29,80.6,9/12,✔✔✔✗✗✗✔✔✔✔✔✔,6,11.9
6949,🔵 多數成長,2026/05,18.8,17,13,76.5,11/12,✔✔✔✔✔✔✔✗✔✔✔✔,4,56.3
5522,🟡 中性,2026/05,191.6,36,19,52.8,9/12,✗✗✔✗✔✔✔✔✔✔✔✔,8,229.8
2637,🟡 中性,2026/05,45.9,36,19,52.8,8/12,✗✗✗✗✔✔✔✔✔✔✔✔,8,1.2
2597,🔵 多數成長,2026/05,20.3,36,24,66.7,10/12,✔✔✗✔✔✔✔✔✗✔✔✔,3,12.9
6890,🔴 轉弱/衰退,2026/05,0.9,14,5,35.7,3/12,✗✗✗✔✔✗✗✗✗✗✗✔,1,-5.9
7799,— 資料不足/新上市
2915,🔴 轉弱/衰退,2026/05,-21.8,36,13,36.1,1/12,✗✗✗✔✗✗✗✗✗✗✗✗,0,-5.9
1815,🔵 多數成長,2026/05,49.9,36,26,72.2,12/12,✔✔✔✔✔✔✔✔✔✔✔✔,26,27.1
2481,🔵 多數成長,2026/05,13.7,36,23,63.9,9/12,✔✔✗✗✔✔✔✔✗✔✔✔,3,3.8
2258,🔴 轉弱/衰退,2026/05,58.0,21,8,38.1,2/12,✗✗✗✗✗✗✗✗✗✗✔✔,2,187.0
2889,🟢 全期強勢,2026/05,147.9,36,29,80.6,11/12,✗✔✔✔✔✔✔✔✔✔✔✔,11,126.7
8028,🔵 多數成長,2026/05,46.0,36,25,69.4,12/12,✔✔✔✔✔✔✔✔✔✔✔✔,23,15.5
6414,🔵 多數成長,2026/05,35.3,36,27,75.0,7/12,✗✗✗✗✗✔✔✔✔✔✔✔,7,9.3
1477,🔵 多數成長,2026/05,8.8,36,24,66.7,4/12,✔✗✗✗✗✔✗✗✗✗✔✔,2,3.2
4966,🔵 多數成長,2026/05,1.2,36,23,63.9,4/12,✗✗✗✔✗✗✔✗✗✔✗✔,1,5.9
6472,🟡 中性,2026/05,40.2,36,19,52.8,3/12,✗✔✗✗✗✗✗✗✗✔✗✔,1,26.4
3035,🔴 轉弱/衰退,2026/05,-45.1,36,11,30.6,4/12,✔✔✗✔✗✔✗✗✗✗✗✗,0,11.0
7822,— 資料不足/新上市
2606,🔵 多數成長,2026/05,41.8,36,24,66.7,9/12,✗✗✔✗✔✔✔✔✔✔✔✔,8,9.4
1773,🔵 多數成長,2026/05,28.4,36,25,69.4,9/12,✔✔✗✔✗✔✔✔✗✔✔✔,3,7.1
9917,🟢 全期強勢,2026/05,1.4,36,32,88.9,10/12,✔✔✔✔✔✔✔✔✗✗✔✔,2,6.3
2540,🔵 多數成長,2026/05,-71.3,36,22,61.1,3/12,✔✔✗✗✗✗✗✗✗✔✗✗,0,41.1
6290,🟢 全期強勢,2026/05,8.6,36,31,86.1,12/12,✔✔✔✔✔✔✔✔✔✔✔✔,27,13.9
2312,🔴 轉弱/衰退,2026/05,-8.1,36,14,38.9,2/12,✗✗✗✔✗✗✔✗✗✗✗✗,0,-3.8
6173,🟢 全期強勢,2026/05,25.6,36,29,80.6,11/12,✔✔✔✔✔✔✔✔✗✔✔✔,3,6.6
1795,🔵 多數成長,2026/05,105.8,36,24,66.7,7/12,✗✗✗✔✔✗✔✗✔✔✔✔,4,21.9
2867,🟡 中性,2026/05,206.2,36,18,50.0,6/12,✗✗✔✔✔✗✔✗✗✗✔✔,2,6.6
8112,🔵 多數成長,2026/05,253.2,36,26,72.2,9/12,✗✗✔✗✔✔✔✔✔✔✔✔,8,45.7
2006,🟡 中性,2026/05,4.6,36,16,44.4,4/12,✗✗✗✔✔✗✗✔✗✗✗✔,1,0.4
4583,🔵 多數成長,2026/05,6.9,36,23,63.9,6/12,✗✗✗✗✗✔✔✔✗✔✔✔,3,2.0
6116,🔴 轉弱/衰退,2026/05,-10.1,36,14,38.9,8/12,✔✔✔✔✗✔✗✔✗✔✔✗,0,-2.8
6831,— 資料不足/新上市
3715,🟢 全期強勢,2026/05,69.1,34,32,94.1,10/12,✔✗✗✔✔✔✔✔✔✔✔✔,9,15.1
6191,🟡 中性,2026/05,-2.5,36,18,50.0,11/12,✔✔✔✔✔✔✔✔✔✔✔✗,0,22.5
3680,🔵 多數成長,2026/05,16.0,36,25,69.4,7/12,✗✗✗✗✔✔✔✔✔✗✔✔,2,25.1
6282,🔵 多數成長,2026/05,26.2,36,23,63.9,8/12,✗✗✗✗✔✔✔✔✔✔✔✔,8,17.4
2352,🟡 中性,2026/05,-1.7,36,17,47.2,6/12,✔✔✗✔✗✗✔✔✗✔✗✗,0,-1.6
3714,🟡 中性,2026/05,8.1,36,17,47.2,4/12,✗✗✗✗✗✗✔✔✗✗✔✔,2,-0.5
1722,🟡 中性,2026/05,-1.0,36,18,50.0,8/12,✔✗✔✔✔✔✗✔✗✔✔✗,0,0.7
2206,🟡 中性,2026/05,-6.2,36,17,47.2,3/12,✗✗✗✗✔✔✗✔✗✗✗✗,0,2.6
6826,🔵 多數成長,2026/05,2.0,36,22,61.1,7/12,✔✗✔✗✗✔✗✔✔✗✔✔,2,13.0
2539,🟡 中性,2026/05,418.9,29,13,44.8,8/12,✔✔✔✔✗✗✔✔✗✗✔✔,2,1038.8
6271,🟡 中性,2026/05,7.6,36,15,41.7,3/12,✗✗✗✗✗✗✗✔✗✗✔✔,2,-3.1
9941,🟡 中性,2026/05,0.6,36,17,47.2,3/12,✗✗✗✗✗✗✗✔✔✗✗✔,1,0.5
1210,🔴 轉弱/衰退,2026/05,10.2,36,10,27.8,6/12,✗✗✗✔✗✗✔✔✗✔✔✔,3,-2.9
1907,🟡 中性,2026/05,7.5,36,17,47.2,4/12,✗✗✗✗✗✗✗✔✗✔✔✔,3,-0.3
6683,🟢 全期強勢,2026/05,12.3,36,29,80.6,12/12,✔✔✔✔✔✔✔✔✔✔✔✔,29,18.5
1409,🟡 中性,2026/05,35.1,36,17,47.2,3/12,✗✗✗✗✗✗✗✗✗✔✔✔,3,1.8
3563,🔵 多數成長,2026/05,5.1,36,24,66.7,12/12,✔✔✔✔✔✔✔✔✔✔✔✔,21,45.7
2850,🟢 全期強勢,2026/05,46.6,36,31,86.1,12/12,✔✔✔✔✔✔✔✔✔✔✔✔,14,9.7
2458,🔵 多數成長,2026/05,3.6,36,22,61.1,5/12,✗✗✗✔✗✗✗✔✗✔✔✔,3,8.1
2634,🟡 中性,2026/05,18.9,36,18,50.0,5/12,✗✗✗✔✗✗✔✔✗✗✔✔,2,1.2
2923,🔵 多數成長,2026/05,133.6,36,24,66.7,6/12,✔✗✗✗✗✗✔✔✔✗✔✔,2,102.0
4766,🔵 多數成長,2026/05,12.3,36,22,61.1,6/12,✗✗✗✔✗✗✔✔✗✔✔✔,3,5.3
3019,🟢 全期強勢,2026/05,16.2,36,29,80.6,10/12,✔✗✔✔✔✔✗✔✔✔✔✔,5,16.8
2367,🟡 中性,2026/05,15.9,36,16,44.4,2/12,✗✗✗✗✗✗✗✔✗✗✗✔,1,-0.1
4763,🔵 多數成長,2026/05,-22.7,36,24,66.7,1/12,✔✗✗✗✗✗✗✗✗✗✗✗,0,46.4
6584,🟢 全期強勢,2026/05,47.0,36,29,80.6,12/12,✔✔✔✔✔✔✔✔✔✔✔✔,16,30.1
3596,🔵 多數成長,2026/05,4.2,36,26,72.2,11/12,✔✔✔✔✔✔✔✔✗✔✔✔,3,3.5
5903,🟢 全期強勢,2026/05,7.4,36,35,97.2,12/12,✔✔✔✔✔✔✔✔✔✔✔✔,15,6.5
5469,🟡 中性,2026/05,3.6,36,21,58.3,12/12,✔✔✔✔✔✔✔✔✔✔✔✔,18,13.9
6670,🟡 中性,2026/05,32.0,36,20,55.6,6/12,✔✗✗✗✗✔✔✗✔✗✔✔,2,3.9
2388,🟡 中性,2026/05,88.1,36,18,50.0,3/12,✗✗✗✗✗✗✗✗✗✔✔✔,3,17.5
4772,— 資料不足/新上市,2026/05,241.2,11,11,100.0,11/11,✔✔✔✔✔✔✔✔✔✔✔,11,238.8
2421,🔵 多數成長,2026/05,14.9,36,27,75.0,12/12,✔✔✔✔✔✔✔✔✔✔✔✔,26,14.5
6176,🟡 中性,2026/05,-11.7,36,17,47.2,2/12,✔✗✗✗✗✗✗✔✗✗✗✗,0,-1.6
6449,🟢 全期強勢,2026/05,12.3,36,36,100.0,12/12,✔✔✔✔✔✔✔✔✔✔✔✔,38,28.4
6592,🔴 轉弱/衰退,2026/05,-2.8,36,14,38.9,0/12,✗✗✗✗✗✗✗✗✗✗✗✗,0,-0.9
6197,🟢 全期強勢,2026/05,41.8,36,34,94.4,12/12,✔✔✔✔✔✔✔✔✔✔✔✔,12,24.4
2504,🟡 中性,2026/05,-6.1,36,19,52.8,6/12,✔✔✗✔✗✔✔✔✗✗✗✗,0,1.1
2498,🔴 轉弱/衰退,2026/05,-22.0,36,9,25.0,2/12,✗✗✔✗✗✗✗✔✗✗✗✗,0,-11.3
9939,🔵 多數成長,2026/05,10.8,36,25,69.4,6/12,✔✔✗✔✗✗✗✔✗✗✔✔,2,4.7
8070,🔵 多數成長,2026/05,26.3,36,24,66.7,12/12,✔✔✔✔✔✔✔✔✔✔✔✔,16,4.5
5234,🔵 多數成長,2026/05,10.8,36,27,75.0,12/12,✔✔✔✔✔✔✔✔✔✔✔✔,19,11.6
7751,— 資料不足/新上市
2211,🔵 多數成長,2026/05,25.0,36,24,66.7,7/12,✗✔✔✔✔✔✗✗✗✔✗✔,1,17.8
9933,🟡 中性,2026/05,-2.6,36,17,47.2,0/12,✗✗✗✗✗✗✗✗✗✗✗✗,0,-1.7
3376,🟡 中性,2026/05,-16.7,36,17,47.2,0/12,✗✗✗✗✗✗✗✗✗✗✗✗,0,3.5
8422,🟡 中性,2026/05,199.6,36,15,41.7,5/12,✗✔✗✔✔✗✗✗✗✔✗✔,1,5.2
8039,🔵 多數成長,2026/05,0.6,36,27,75.0,7/12,✗✗✗✔✔✔✔✔✗✔✗✔,1,13.9
2428,🔵 多數成長,2026/05,29.7,36,23,63.9,8/12,✔✗✗✔✔✔✗✔✗✔✔✔,3,5.5
7892,— 資料不足/新上市
6412,🔴 轉弱/衰退,2026/05,-10.2,36,13,36.1,1/12,✗✗✗✗✗✗✗✔✗✗✗✗,0,-4.0
8415,🔴 轉弱/衰退,2026/05,20.7,36,14,38.9,10/12,✔✔✗✔✔✗✔✔✔✔✔✔,6,-1.7
2015,🔴 轉弱/衰退,2026/05,-8.3,36,10,27.8,1/12,✗✗✗✗✗✗✗✔✗✗✗✗,0,-7.2
8932,🟢 全期強勢,2026/05,3.6,36,35,97.2,12/12,✔✔✔✔✔✔✔✔✔✔✔✔,35,56.4
1736,🟢 全期強勢,2026/05,2.0,36,35,97.2,11/12,✔✔✗✔✔✔✔✔✔✔✔✔,9,18.2
2329,🔵 多數成長,2026/05,3.7,36,27,75.0,12/12,✔✔✔✔✔✔✔✔✔✔✔✔,16,13.8
4915,🔴 轉弱/衰退,2026/05,12.7,36,14,38.9,9/12,✗✔✗✔✔✔✔✔✗✔✔✔,3,-2.7
8016,🟢 全期強勢,2026/05,39.8,36,30,83.3,11/12,✔✔✗✔✔✔✔✔✔✔✔✔,9,11.2
6214,🔵 多數成長,2026/05,45.8,36,26,72.2,10/12,✔✔✔✔✔✗✔✔✗✔✔✔,3,13.2
3016,🔴 轉弱/衰退,2026/05,37.3,36,10,27.8,8/12,✗✗✗✗✔✔✔✔✔✔✔✔,8,-4.7
3413,🔵 多數成長,2026/05,16.7,36,26,72.2,12/12,✔✔✔✔✔✔✔✔✔✔✔✔,26,16.2
3673,🔴 轉弱/衰退,2026/05,-2.6,36,11,30.6,4/12,✗✗✗✗✗✗✗✔✔✔✔✗,0,-5.6
3357,🔵 多數成長,2026/05,37.8,36,27,75.0,11/12,✔✔✔✔✔✔✔✔✗✔✔✔,3,15.7
2548,🟡 中性,2026/05,9203.6,36,21,58.3,10/12,✔✗✗✔✔✔✔✔✔✔✔✔,9,6881.7
1215,🟡 中性,2026/05,1.7,36,18,50.0,8/12,✔✔✗✔✗✔✔✔✗✔✗✔,1,-0.5
2464,🔴 轉弱/衰退,2026/05,30.8,36,10,27.8,5/12,✗✗✗✗✗✗✗✔✔✔✔✔,5,-8.9
2903,🔴 轉弱/衰退,2026/05,0.9,36,10,27.8,5/12,✗✗✔✗✔✗✗✗✔✗✔✔,2,-2.2
2316,🟡 中性,2026/05,39.1,36,18,50.0,10/12,✔✔✗✔✔✔✔✔✗✔✔✔,3,3.1
2072,— 資料不足/新上市
3010,— 資料不足/新上市
2924,🟡 中性,2026/05,0.7,120,16.7,31.7,52.8,50.0,✗✗✗✗✗✔✔✔✔✔✗✔,1,8.8
4724,🔵 多數成長,2026/05,-34.3,89,60.7,65.0,75.0,33.3,✔✔✔✔✗✗✗✗✗✗✗✗,0,16.4
3252,🔴 轉弱/衰退,2026/05,-1.0,120,57.5,46.7,33.3,33.3,✗✗✗✗✔✗✔✗✔✔✗✗,0,58.7
4502,🟡 中性,2026/05,23.7,120,44.2,46.7,44.4,41.7,✗✗✗✗✗✗✗✔✔✔✔✔,5,-0.3
4530,🔵 多數成長,2026/05,-16.8,120,61.7,66.7,66.7,83.3,✔✔✔✔✔✔✔✗✔✔✔✗,0,59.5
2734,🔵 多數成長,2026/05,6.6,120,42.5,63.3,63.9,100.0,✔✔✔✔✔✔✔✔✔✔✔✔,12,56.4
5398,🟡 中性,2026/05,-49.9,120,42.5,38.3,44.4,41.7,✔✗✗✔✔✗✗✔✔✗✗✗,0,14.0
9962,🔴 轉弱/衰退,2026/05,-2.3,120,46.7,45.0,16.7,0.0,✗✗✗✗✗✗✗✗✗✗✗✗,0,7.6
7794,— 資料不足/新上市
1340,🔴 轉弱/衰退,2026/05,-70.8,120,22.5,20.0,19.4,0.0,✗✗✗✗✗✗✗✗✗✗✗✗,0,-21.4
4732,🟡 中性,2026/05,-20.5,120,59.2,45.0,41.7,50.0,✗✗✗✔✗✔✔✔✔✗✔✗,0,35.1
1526,🔴 轉弱/衰退,2026/05,-10.4,120,53.3,46.7,33.3,50.0,✔✔✔✔✔✗✔✗✗✗✗✗,0,5.4
7790,— 資料不足/新上市,2026/05,-21.2,9,55.6,55.6,55.6,55.6,✔✗✗✔✔✗✔✔✗,0,-3.6
4767,🔴 轉弱/衰退,2026/05,-6.5,95,51.6,41.7,19.4,8.3,✗✗✗✗✗✗✗✗✔✗✗✗,0,-0.0
3018,🔴 轉弱/衰退,2026/05,-38.5,120,46.7,35.0,38.9,8.3,✗✗✗✗✗✗✗✗✗✔✗✗,0,17.3
8921,🟡 中性,2026/05,11.0,120,45.8,53.3,41.7,50.0,✗✗✗✔✗✗✔✔✗✔✔✔,3,0.3
6910,— 資料不足/新上市
8201,🟡 中性,2026/05,20.5,120,43.3,38.3,47.2,66.7,✗✔✗✔✔✗✔✔✗✔✔✔,3,10.3
6482,🔵 多數成長,2026/05,-20.7,120,46.7,71.7,61.1,0.0,✗✗✗✗✗✗✗✗✗✗✗✗,0,45.4
6650,🔴 轉弱/衰退,2026/05,46.9,95,45.3,43.3,36.1,33.3,✗✗✔✔✗✗✗✗✗✔✗✔,1,1061.3
4544,🟡 中性,2026/05,16.9,120,43.3,48.3,50.0,41.7,✔✗✔✗✗✗✗✔✔✗✗✔,1,2.3
2911,🔴 轉弱/衰退,2026/05,-23.9,120,10.8,15.0,8.3,0.0,✗✗✗✗✗✗✗✗✗✗✗✗,0,-13.0
6428,🔵 多數成長,2026/05,5.2,120,50.8,61.7,61.1,66.7,✗✔✗✗✔✔✔✗✔✔✔✔,4,4.8
6648,🔴 轉弱/衰退,2026/05,-95.4,85,40.0,38.3,36.1,25.0,✗✔✔✗✔✗✗✗✗✗✗✗,0,5045.1
5220,🔴 轉弱/衰退,2026/05,21.8,120,45.8,36.7,38.9,41.7,✗✔✗✗✗✗✗✔✗✔✔✔,3,-0.3
3085,🟡 中性,2026/05,80.9,120,45.0,53.3,41.7,75.0,✔✔✔✔✔✔✗✔✗✗✔✔,2,26.4
3349,🟡 中性,2026/05,17.9,120,42.5,41.7,52.8,50.0,✔✔✔✔✔✗✗✗✗✗✗✔,1,12.6
4432,🟡 中性,2026/05,-38.4,120,43.3,50.0,44.4,50.0,✔✗✔✗✔✗✗✗✔✔✔✗,0,-1.5
8092,🟡 中性,2026/05,-26.8,120,53.3,58.3,55.6,83.3,✔✔✔✔✔✗✔✔✔✔✔✗,0,10.3
6483,— 資料不足/新上市,2026/05,-100.0,5,0.0,0.0,0.0,0.0,✗✗✗✗✗,0,-100.0
1516,🔴 轉弱/衰退,2026/05,-16.0,115,44.3,35.0,16.7,16.7,✗✗✗✗✗✔✗✗✗✔✗✗,0,637.1
3073,🔵 多數成長,2026/05,68.9,120,55.0,55.0,63.9,91.7,✔✔✔✔✔✗✔✔✔✔✔✔,6,96.8
8450,🔴 轉弱/衰退,2026/05,0.5,120,28.3,23.3,22.2,58.3,✔✗✗✔✔✗✗✔✗✔✔✔,3,-5.6
6264,🔴 轉弱/衰退,2026/05,226.1,120,46.7,40.0,25.0,33.3,✗✗✗✔✗✔✗✗✗✗✔✔,2,728.4
3191,🔴 轉弱/衰退,2026/05,-5.1,120,38.3,41.7,38.9,25.0,✗✗✔✗✗✗✗✔✗✔✗✗,0,-4.0
3150,🔴 轉弱/衰退,2026/05,-4.8,14,7.1,7.1,7.1,8.3,✗✗✗✗✗✗✗✗✗✔✗✗,0,-15.6
3492,🔵 多數成長,2026/05,14.2,120,50.0,55.0,61.1,41.7,✔✗✗✔✔✗✗✗✔✗✗✔,1,0.6
7756,🔵 多數成長,2026/05,-3.3,13,76.9,76.9,76.9,75.0,✔✔✔✔✔✔✔✗✔✗✔✗,0,4.7
4102,🟡 中性,2026/05,27.7,120,58.3,48.3,44.4,58.3,✔✗✗✔✔✔✔✔✗✗✗✔,1,9.5
3373,🟡 中性,2026/05,-9.9,120,44.2,31.7,41.7,41.7,✔✗✔✗✗✗✗✔✔✗✔✗,0,17.1
3499,🟡 中性,2026/05,-26.0,120,50.8,46.7,58.3,8.3,✗✗✗✗✗✗✗✗✔✗✗✗,0,2.0
6236,🔴 轉弱/衰退,2026/05,-4.3,120,36.7,36.7,33.3,0.0,✗✗✗✗✗✗✗✗✗✗✗✗,0,5.0
1324,🟡 中性,2026/05,4.1,120,41.7,43.3,44.4,50.0,✔✗✔✔✗✗✗✔✗✔✗✔,1,-4.4
4554,🔵 多數成長,2026/05,2.7,120,54.2,63.3,72.2,66.7,✔✔✔✔✔✗✗✗✗✔✔✔,3,3.4
8455,🔴 轉弱/衰退,2026/05,13.4,114,42.1,48.3,36.1,58.3,✔✔✗✗✔✗✔✗✔✔✗✔,1,0.3
1343,🟡 中性,2026/05,-33.3,70,57.1,58.3,47.2,25.0,✗✗✗✗✗✗✗✔✔✗✔✗,0,81.7
6493,🟡 中性,2026/05,27.6,120,59.2,63.3,47.2,58.3,✔✔✔✗✗✗✗✔✗✔✔✔,3,19.2
6662,🟡 中性,2026/05,-19.4,94,52.1,51.7,55.6,33.3,✗✔✗✔✗✗✗✔✗✔✗✗,0,9.3
3432,🟢 全期強勢,2026/05,218.0,120,35.8,61.7,80.6,100.0,✔✔✔✔✔✔✔✔✔✔✔✔,25,48.7
6804,🔴 轉弱/衰退,2026/05,11.4,57,49.1,49.1,25.0,41.7,✗✗✗✗✔✗✗✔✔✗✔✔,2,15.9
7764,— 資料不足/新上市,2026/05,3.2,10,50.0,50.0,50.0,50.0,✔✔✗✗✔✗✗✔✗✔,1,-2.5
3494,🔵 多數成長,2026/05,-1.3,120,55.0,80.0,75.0,41.7,✗✔✗✗✗✗✔✔✔✔✗✗,0,2.3
6572,🟡 中性,2026/05,14.8,108,56.5,46.7,50.0,75.0,✗✔✔✔✔✗✔✔✔✔✗✔,1,325.0
4150,🟡 中性,2026/05,1.0,120,55.8,43.3,50.0,33.3,✗✗✗✔✗✗✗✔✔✗✗✔,1,8.0
8443,🔴 轉弱/衰退,2026/05,-12.7,120,35.0,36.7,38.9,41.7,✔✔✔✗✗✗✗✗✔✗✔✗,0,-4.1
8488,🟡 中性,2026/05,74.9,103,49.5,53.3,50.0,66.7,✗✗✔✔✔✗✗✔✔✔✔✔,5,4.3
8291,🔴 轉弱/衰退,2026/05,110.2,120,30.8,25.0,25.0,66.7,✗✗✔✗✗✔✔✔✔✔✔✔,7,-17.2
7789,— 資料不足/新上市,2026/05,19.5,8,87.5,87.5,87.5,87.5,✔✔✔✗✔✔✔✔,4,16.2
3268,🟡 中性,2026/05,4.4,120,54.2,43.3,50.0,41.7,✔✗✗✗✗✔✗✔✗✔✗✔,1,7.3
6294,🔴 轉弱/衰退,2026/05,-11.0,120,64.2,38.3,38.9,0.0,✗✗✗✗✗✗✗✗✗✗✗✗,0,2.6
5248,🟡 中性,2026/05,65.8,120,52.5,55.0,58.3,33.3,✗✔✗✗✗✗✗✔✗✔✗✔,1,3.5
6615,🔴 轉弱/衰退,2026/05,-1.7,104,50.0,31.7,22.2,16.7,✗✗✗✗✗✗✗✔✗✔✗✗,0,-0.3
8101,🟡 中性,2026/05,-14.5,120,28.3,31.7,47.2,58.3,✔✔✔✔✔✗✗✔✔✗✗✗,0,17.2
8423,🟡 中性,2026/05,14.9,120,55.8,53.3,55.6,58.3,✔✗✗✗✔✗✔✔✗✔✔✔,3,8.3
8421,🟡 中性,2026/05,8.9,120,46.7,48.3,41.7,41.7,✗✗✗✗✔✗✔✗✗✔✔✔,3,1.0
6867,🔴 轉弱/衰退,2026/05,-20.8,44,47.7,47.7,38.9,58.3,✔✔✗✔✔✔✗✔✗✔✗✗,0,10.2
5276,🟡 中性,2026/05,-6.0,120,45.8,50.0,47.2,41.7,✔✔✗✗✗✗✗✔✗✔✔✗,0,46.6
4702,🔴 轉弱/衰退,2026/05,107.6,120,30.0,21.7,13.9,33.3,✗✗✔✗✗✗✗✔✔✗✗✔,1,-3.3
7724,— 資料不足/新上市,2026/05,-24.3,11,81.8,81.8,81.8,81.8,✔✔✔✔✔✔✔✗✔✔✗,0,9.7
6210,🟡 中性,2026/05,13.5,120,39.2,50.0,55.6,83.3,✗✗✔✔✔✔✔✔✔✔✔✔,10,-2.6
4431,🟢 全期強勢,2026/05,11.8,120,62.5,71.7,97.2,91.7,✔✔✗✔✔✔✔✔✔✔✔✔,9,63.5
7743,— 資料不足/新上市,2026/05,41.3,3,33.3,33.3,33.3,33.3,✗✗✔,1,11.4
6939,🟡 中性,2026/05,31.8,31,45.2,45.2,45.2,91.7,✔✔✔✔✔✔✔✔✔✔✗✔,1,-3.9
6868,🟡 中性,2026/05,-28.8,44,56.8,56.8,50.0,0.0,✗✗✗✗✗✗✗✗✗✗✗✗,0,4.5
5310,🟡 中性,2026/05,1485.7,120,40.0,43.3,41.7,41.7,✔✗✔✗✗✔✗✔✗✗✗✔,1,65.5
6878,🔵 多數成長,2026/05,45.7,42,54.8,54.8,63.9,75.0,✔✔✔✗✗✔✗✔✔✔✔✔,5,-9.1
4192,🔵 多數成長,2026/05,-18.7,120,64.2,70.0,69.4,58.3,✔✔✗✔✔✔✗✔✔✗✗✗,0,36.3
8929,🟡 中性,2026/05,9.0,120,41.7,40.0,55.6,50.0,✗✗✗✔✗✔✗✔✗✔✔✔,3,-2.0
1512,🟡 中性,2026/05,-5.9,120,33.3,40.0,44.4,50.0,✗✗✔✔✔✔✔✗✔✗✗✗,0,-3.1
2073,🟡 中性,2026/05,111.4,47,40.4,40.4,47.2,50.0,✔✗✗✔✔✗✗✔✗✗✔✔,2,0.6
6911,🔵 多數成長,2026/05,-8.3,35,77.1,77.1,77.1,75.0,✔✗✗✔✔✔✔✔✔✔✔✗,0,10.1
5487,🟡 中性,2026/05,0.6,120,43.3,30.0,47.2,16.7,✗✗✗✗✗✗✗✗✗✔✗✔,1,-1.4
6883,🔴 轉弱/衰退,2026/05,-89.0,41,43.9,43.9,36.1,33.3,✗✗✔✔✔✔✗✗✗✗✗✗,0,261.5
8176,🟡 中性,2026/05,18.8,120,41.7,56.7,55.6,25.0,✗✗✗✗✗✗✗✗✔✗✔✔,2,7.2
6780,🔴 轉弱/衰退,2026/05,-4.9,63,36.5,38.3,36.1,33.3,✔✗✗✗✔✗✔✔✗✗✗✗,0,-2.3
3623,🟡 中性,2026/05,-43.2,120,35.0,48.3,44.4,75.0,✔✔✔✔✔✔✔✔✔✗✗✗,0,-5.9
6241,🔴 轉弱/衰退,2026/05,22.9,120,55.0,50.0,38.9,33.3,✔✗✗✔✗✗✗✔✗✗✗✔,1,436.1
6641,🟡 中性,2026/05,18.4,83,55.4,53.3,52.8,50.0,✔✗✗✗✔✔✗✔✗✗✔✔,2,5.0
8119,🟡 中性,2026/05,76.1,107,45.8,41.7,41.7,41.7,✗✗✗✗✔✗✔✗✔✔✗✔,1,11.8
4188,🔴 轉弱/衰退,2026/05,-8.7,116,54.3,36.7,30.6,16.7,✗✗✗✔✗✗✗✔✗✗✗✗,0,218.2
6988,— 資料不足/新上市,2026/05,4.2,10,30.0,30.0,30.0,30.0,✗✗✗✗✔✗✗✗✔✔,2,-11.3
6225,🟡 中性,2026/05,87.3,120,56.7,58.3,58.3,33.3,✗✗✗✔✗✔✔✗✗✗✗✔,1,66.5
7726,🟡 中性,2026/05,9.5,19,52.6,52.6,52.6,66.7,✗✗✔✔✗✔✔✔✗✔✔✔,3,6.7
3115,🔴 轉弱/衰退,2026/05,428.4,115,29.6,31.7,30.6,41.7,✔✗✗✗✔✔✗✔✗✗✗✔,1,39.0
6755,🔵 多數成長,2026/05,-11.4,69,47.8,41.7,66.7,41.7,✔✔✔✗✗✗✗✗✗✔✔✗,0,7.2
1441,🟡 中性,2026/05,-1.3,120,40.8,45.0,41.7,8.3,✗✗✗✗✗✗✗✗✗✗✔✗,0,3.2
6858,🟡 中性,2026/05,-10.4,45,51.1,51.1,52.8,50.0,✗✗✗✔✗✔✔✔✗✔✔✗,0,7.9
4416,🔵 多數成長,2026/05,-21.5,120,64.2,71.7,75.0,83.3,✔✔✔✔✔✔✔✔✔✔✗✗,0,154.4
5240,🟡 中性,2026/05,6.6,120,39.2,58.3,52.8,91.7,✔✔✔✔✔✔✔✔✗✔✔✔,3,-3.7
2424,🔵 多數成長,2026/05,-64.1,120,60.0,68.3,66.7,58.3,✔✔✗✔✔✗✗✔✔✗✔✗,0,6313.0
2929,🔴 轉弱/衰退,2026/05,-0.4,120,47.5,25.0,19.4,0.0,✗✗✗✗✗✗✗✗✗✗✗✗,0,51.0
7839,— 資料不足/新上市,2026/05,3.1,1,100.0,100.0,100.0,100.0,✔,1,3.1
9912,🟡 中性,2026/05,-10.1,120,41.7,41.7,41.7,50.0,✗✗✗✔✔✔✔✔✗✔✗✗,0,-1.8
6884,— 資料不足/新上市
8409,🟡 中性,2026/05,16.5,120,48.3,53.3,58.3,58.3,✔✗✔✔✗✗✗✔✔✔✗✔,1,38.2
5211,🔵 多數成長,2026/05,33.2,120,42.5,66.7,75.0,100.0,✔✔✔✔✔✔✔✔✔✔✔✔,15,1.5
6549,— 資料不足/新上市,2024/01,-100.0,7,0.0,0.0,0.0,0.0,✗✗✗✗✗✗✗,0,-100.0
8923,🟡 中性,2026/05,-3.9,120,51.7,51.7,50.0,41.7,✔✔✗✔✗✗✗✗✔✗✔✗,0,3.6
4553,🟡 中性,2026/05,10.1,120,51.7,63.3,58.3,66.7,✗✔✗✗✗✔✔✔✔✔✔✔,7,15.3
4738,🔵 多數成長,2026/05,13.1,120,48.3,65.0,72.2,91.7,✔✔✔✔✗✔✔✔✔✔✔✔,7,0.0
6246,🔴 轉弱/衰退,2026/05,-13.3,120,50.0,38.3,36.1,25.0,✔✔✗✗✔✗✗✗✗✗✗✗,0,13.1
8458,🟡 中性,2026/05,-84.9,120,55.0,51.7,44.4,8.3,✗✗✗✗✗✗✗✔✗✗✗✗,0,334.2
3117,🟡 中性,2026/05,46.5,120,45.8,46.7,55.6,75.0,✔✗✔✗✔✔✔✔✗✔✔✔,3,4.7
1781,🔴 轉弱/衰退,2026/05,89.1,120,47.5,35.0,30.6,16.7,✗✗✗✗✗✗✗✗✔✗✗✔,1,13.4
6276,🟡 中性,2026/05,-52.9,120,51.7,38.3,58.3,41.7,✔✔✔✔✗✔✗✗✗✗✗✗,0,5.7
6565,🔵 多數成長,2026/05,3.7,115,54.8,55.0,72.2,66.7,✔✔✔✗✔✔✔✗✗✔✗✔,1,22.3
5364,🔴 轉弱/衰退,2026/05,-77.4,120,46.7,36.7,36.1,16.7,✔✗✗✗✗✗✗✗✔✗✗✗,0,61.4
6144,🔴 轉弱/衰退,2026/05,-8.5,120,27.5,35.0,30.6,33.3,✗✗✗✗✔✔✔✗✔✗✗✗,0,-11.8
5516,🟡 中性,2026/05,93.7,120,59.2,55.0,41.7,58.3,✗✗✔✔✗✗✔✔✔✔✗✔,1,44.2
4170,🟡 中性,2026/05,4.4,120,53.3,63.3,55.6,33.3,✔✔✗✗✔✗✗✗✗✗✗✔,1,113.6
8024,🔴 轉弱/衰退,2026/05,41.7,120,35.0,28.3,19.4,25.0,✗✗✗✗✗✗✗✗✗✔✔✔,3,-8.3
1813,🔴 轉弱/衰退,2026/05,-10.4,120,41.7,28.3,30.6,33.3,✔✗✔✗✗✗✔✔✗✗✗✗,0,3.4
7575,🔵 多數成長,2026/05,-4.7,58,74.1,74.1,61.1,58.3,✔✔✔✔✔✗✗✔✗✗✔✗,0,10.8
4765,🔴 轉弱/衰退,2026/05,-33.3,105,39.0,33.3,33.3,16.7,✗✗✗✗✔✗✗✗✗✔✗✗,0,-7.0
2941,🟡 中性,2026/05,-5.9,17,58.8,58.8,58.8,50.0,✔✔✔✗✔✔✗✗✔✗✗✗,0,13.6
7561,🟡 中性,2026/05,-5.7,65,60.0,63.3,50.0,25.0,✔✗✔✗✔✗✗✗✗✗✗✗,0,9.8
6228,🟡 中性,2026/05,25.6,120,45.8,48.3,55.6,50.0,✔✗✗✗✔✔✔✗✗✗✔✔,2,29.5
8066,🟡 中性,2026/05,7.9,120,44.2,35.0,47.2,25.0,✗✔✗✗✗✗✗✗✔✗✗✔,1,-1.8
6536,🟡 中性,2026/05,-17.2,111,54.1,58.3,50.0,41.7,✗✗✔✔✗✗✗✔✗✔✔✗,0,20.8
8444,🔴 轉弱/衰退,2026/05,-55.5,120,46.7,38.3,38.9,0.0,✗✗✗✗✗✗✗✗✗✗✗✗,0,12.8
4413,🟡 中性,2026/05,-47.4,120,52.5,53.3,52.8,58.3,✔✔✔✔✗✔✔✔✗✗✗✗,0,107.6
4406,🟡 中性,2026/05,-79.3,120,49.2,56.7,44.4,16.7,✔✗✗✗✗✗✗✔✗✗✗✗,0,0.8
3629,🔴 轉弱/衰退,2026/05,1328.0,120,35.0,23.3,36.1,91.7,✗✔✔✔✔✔✔✔✔✔✔✔,11,9002.6
3672,🔴 轉弱/衰退,2026/05,87.6,120,39.2,30.0,30.6,33.3,✗✗✗✔✗✗✗✗✗✔✔✔,3,-4.0
8437,🔴 轉弱/衰退,2026/05,-4.3,120,54.2,30.0,11.1,8.3,✗✗✗✗✗✗✗✔✗✗✗✗,0,-1.6
7607,🔵 多數成長,2026/05,120.3,25,60.0,60.0,60.0,83.3,✔✔✔✔✔✔✔✔✗✔✗✔,1,66.8
6512,🔴 轉弱/衰退,2026/05,-56.0,120,35.0,43.3,33.3,41.7,✗✔✔✔✔✗✗✗✗✔✗✗,0,-3.7
4154,🔴 轉弱/衰退,2026/05,134.1,120,38.3,26.7,13.9,33.3,✗✗✗✗✗✗✔✗✔✗✔✔,2,-8.1
4559,🟡 中性,2026/05,100.7,120,40.0,45.0,44.4,58.3,✗✗✗✗✔✔✔✔✔✗✔✔,2,2.4
1213,🔵 多數成長,2026/05,14.3,120,48.3,58.3,69.4,100.0,✔✔✔✔✔✔✔✔✔✔✔✔,25,566.4
1293,🔵 多數成長,2026/05,-1.7,70,68.6,66.7,63.9,58.3,✔✗✗✔✔✔✔✔✗✔✗✗,0,18.7
2741,🟡 中性,2026/05,7.1,120,63.3,60.0,50.0,25.0,✗✗✗✗✗✗✗✗✔✗✔✔,2,3.5
4115,🔴 轉弱/衰退,2026/05,0.8,107,57.9,41.7,38.9,50.0,✔✗✗✔✔✗✔✔✗✗✗✔,1,2.5
2938,🔴 轉弱/衰退,2026/05,12.1,107,48.6,43.3,27.8,33.3,✗✗✔✗✗✗✗✔✔✗✗✔,1,1.4
6103,🟡 中性,2026/05,22.2,120,65.0,68.3,58.3,75.0,✔✔✔✗✔✔✔✔✗✗✔✔,2,98.1
6559,🔵 多數成長,2026/05,52.8,116,46.6,53.3,63.9,66.7,✗✔✔✗✔✔✔✗✗✔✔✔,3,6.4
6816,🟡 中性,2026/05,58.7,55,56.4,56.4,47.2,83.3,✔✔✔✔✔✔✗✔✗✔✔✔,3,12.0
5301,🔵 多數成長,2026/05,-42.0,120,48.3,55.0,61.1,50.0,✗✗✗✔✔✔✗✔✔✔✗✗,0,51.3
7584,🔴 轉弱/衰退,2026/05,31.8,13,15.4,15.4,15.4,8.3,✗✗✗✗✗✗✗✗✗✗✗✔,1,-18.9
6621,🔴 轉弱/衰退,2026/05,5.6,102,34.3,36.7,25.0,41.7,✔✗✗✗✗✔✔✔✗✗✗✔,1,-5.7
3664,🟡 中性,2026/05,12.7,120,41.7,50.0,58.3,66.7,✔✔✗✔✔✔✗✔✔✗✗✔,1,2.2
2740,🟡 中性,2026/05,-58.8,120,30.8,48.3,55.6,0.0,✗✗✗✗✗✗✗✗✗✗✗✗,0,-8.2
4924,🟡 中性,2026/05,159.1,120,55.8,53.3,55.6,41.7,✗✔✔✗✗✗✗✔✗✔✗✔,1,15.1
6240,🔵 多數成長,2026/05,-11.7,120,33.3,50.0,66.7,75.0,✔✗✔✔✔✔✗✔✔✔✔✗,0,15.6
6784,🔵 多數成長,2026/05,22.9,61,55.7,55.0,61.1,83.3,✔✔✗✔✔✗✔✔✔✔✔✔,6,25.4
6797,🔴 轉弱/衰退,2026/05,19.5,57,22.8,22.8,27.8,33.3,✗✗✗✗✗✗✗✔✗✔✔✔,3,-26.3
6473,🔴 轉弱/衰退,2026/05,482.4,120,38.3,45.0,33.3,25.0,✗✗✗✗✗✗✗✗✗✔✔✔,3,10.4
6882,🔴 轉弱/衰退,2026/05,-17.3,42,26.2,26.2,22.2,8.3,✗✗✔✗✗✗✗✗✗✗✗✗,0,-9.8
6758,🔵 多數成長,2026/05,-15.3,69,58.0,61.7,69.4,58.3,✔✗✔✔✔✗✔✔✗✔✗✗,0,6.1
7595,🟡 中性,2026/05,-9.8,56,55.4,55.4,50.0,41.7,✗✗✔✔✔✗✔✗✗✔✗✗,0,30.5
2321,🔴 轉弱/衰退,2026/05,-2.5,120,24.2,33.3,33.3,66.7,✔✔✔✔✔✔✗✗✗✔✔✗,0,-12.9
6865,🔴 轉弱/衰退,2026/05,-48.7,43,32.6,32.6,33.3,8.3,✔✗✗✗✗✗✗✗✗✗✗✗,0,-8.1
4529,🔵 多數成長,2026/05,689.8,120,55.8,61.7,61.1,25.0,✗✗✗✗✗✗✗✗✗✔✔✔,3,65.4
6793,🟡 中性,2026/05,34.6,39,48.7,48.7,44.4,8.3,✗✗✗✗✗✗✗✗✗✗✗✔,1,18.1
7558,🟢 全期強勢,2026/05,3.4,80,60.0,56.7,86.1,91.7,✔✔✔✔✔✔✔✔✔✗✔✔,2,38.2
3095,🟢 全期強勢,2026/05,11.8,120,43.3,70.0,83.3,75.0,✗✔✔✗✔✔✔✔✗✔✔✔,3,-5.7
1538,🔴 轉弱/衰退,2026/05,-65.4,120,30.0,35.0,25.0,33.3,✔✔✗✔✗✗✗✗✗✗✔✗,0,-9.5
3067,🟡 中性,2026/05,-63.4,120,47.5,65.0,50.0,66.7,✔✔✔✔✔✔✔✗✗✔✗✗,0,90.6
6673,🟡 中性,2026/05,104.0,91,48.4,51.7,52.8,83.3,✗✔✔✔✗✔✔✔✔✔✔✔,7,11.1
6661,🔵 多數成長,2026/05,33.4,94,60.6,61.7,69.4,83.3,✔✗✔✔✔✔✔✔✗✔✔✔,3,7.5
2726,🔴 轉弱/衰退,2026/05,-0.5,120,47.5,23.3,30.6,33.3,✔✔✗✔✗✗✗✗✗✔✗✗,0,-5.7
6639,🔴 轉弱/衰退,2026/05,-28.9,97,53.6,46.7,33.3,41.7,✔✗✔✔✔✗✗✔✗✗✗✗,0,14.7
2724,🔵 多數成長,2026/05,287.3,120,20.8,40.0,66.7,33.3,✗✗✗✗✗✗✔✔✗✗✔✔,2,190.3
6734,🟡 中性,2026/05,-34.0,74,58.1,58.3,52.8,66.7,✔✔✔✗✔✔✔✔✔✗✗✗,0,131.8
6984,🔵 多數成長,2026/05,13.3,23,65.2,65.2,65.2,41.7,✔✔✗✗✗✗✗✗✗✔✔✔,3,33.3
3288,🔴 轉弱/衰退,2026/05,-15.9,120,35.8,43.3,36.1,41.7,✔✗✔✗✗✗✗✗✔✔✔✗,0,-5.0
6169,🔵 多數成長,2026/05,-98.8,120,51.7,58.3,75.0,50.0,✔✔✗✔✔✔✔✗✗✗✗✗,0,217.7
5701,🟡 中性,2026/05,0.0,120,42.5,56.7,52.8,33.3,✗✗✗✗✔✗✔✗✔✗✗✔,1,60.1
6616,🔴 轉弱/衰退,2026/05,27.9,91,48.4,36.7,36.1,25.0,✗✔✗✗✔✗✗✗✗✗✗✔,1,30.3
5205,🟡 中性,2026/05,124.7,120,49.2,46.7,55.6,33.3,✗✗✗✔✗✗✗✔✗✔✗✔,1,6037.6
3632,🔴 轉弱/衰退,2026/05,54.3,120,38.3,40.0,33.3,33.3,✗✗✗✗✗✔✗✔✗✔✗✔,1,-5.9
4183,🟡 中性,2026/05,-30.9,120,50.0,46.7,44.4,25.0,✗✔✔✗✔✗✗✗✗✗✗✗,0,14.5
2067,🔴 轉弱/衰退,2026/05,-17.0,120,55.8,56.7,36.1,25.0,✔✗✗✔✗✗✗✔✗✗✗✗,0,5.6
6848,🔵 多數成長,2026/05,29.5,47,51.1,51.1,63.9,58.3,✗✗✗✔✔✔✔✗✗✔✔✔,3,10.1
2733,🟡 中性,2026/05,1.6,120,44.2,61.7,47.2,50.0,✗✗✗✔✔✗✗✔✔✔✗✔,1,6.5
1594,🟡 中性,2026/05,-12.8,120,47.5,38.3,44.4,58.3,✔✔✔✔✔✗✗✔✗✗✔✗,0,4.0
4609,🟡 中性,2026/05,4.0,120,40.8,43.3,50.0,41.7,✗✗✔✗✔✔✗✗✗✗✔✔,2,37.8
2761,🟢 全期強勢,2026/05,23.4,41,87.8,87.8,86.1,66.7,✔✔✔✔✔✗✗✗✔✗✔✔,2,27.0
8067,🔴 轉弱/衰退,2026/05,-15.7,120,32.5,25.0,36.1,0.0,✗✗✗✗✗✗✗✗✗✗✗✗,0,-3.6
4197,🟡 中性,2026/05,-0.2,120,54.2,56.7,58.3,66.7,✔✔✔✔✗✔✔✗✔✔✗✗,0,11.6
3064,🔵 多數成長,2026/05,-22.3,120,47.5,40.0,61.1,16.7,✗✗✗✗✗✔✗✗✗✗✔✗,0,63.7
6622,🟡 中性,2026/05,65.2,102,49.0,55.0,50.0,25.0,✗✗✗✗✔✗✗✗✗✔✗✔,1,62.0
5348,🔵 多數成長,2026/05,60.3,120,54.2,70.0,72.2,83.3,✔✗✔✔✔✔✗✔✔✔✔✔,5,26.8
6744,🟡 中性,2026/05,-31.7,71,54.9,53.3,41.7,33.3,✗✔✔✔✗✔✗✗✗✗✗✗,0,-0.5
7443,🟡 中性,2026/05,8.8,120,46.7,48.3,44.4,25.0,✗✔✗✗✔✗✗✗✗✗✗✔,1,1.7
3603,🟡 中性,2026/05,28.4,120,56.7,51.7,50.0,66.7,✔✔✔✗✗✗✗✔✔✔✔✔,5,40.7
6583,🟡 中性,2026/05,87.9,108,54.6,45.0,44.4,50.0,✗✗✗✗✗✔✗✔✔✔✔✔,5,27.6
7516,🔵 多數成長,2026/05,4.5,81,60.5,68.3,69.4,58.3,✔✗✗✔✗✗✔✔✗✔✔✔,3,17.8
7551,🟡 中性,2026/05,54.3,67,59.7,55.0,44.4,75.0,✗✗✗✔✔✔✔✔✔✔✔✔,9,11.0
7866,— 資料不足/新上市
7921,— 資料不足/新上市
6563,🔵 多數成長,2026/05,600.7,115,60.9,56.7,66.7,66.7,✔✔✔✗✔✗✗✔✗✔✔✔,3,276.7
7904,— 資料不足/新上市
7915,— 資料不足/新上市
6898,🔵 多數成長,2026/05,11.9,37,70.3,70.3,72.2,83.3,✗✔✗✔✔✔✔✔✔✔✔✔,9,10.3
7873,— 資料不足/新上市
7898,— 資料不足/新上市
7918,— 資料不足/新上市
7919,— 資料不足/新上市
7899,— 資料不足/新上市
7907,— 資料不足/新上市
7847,— 資料不足/新上市
7745,🔴 轉弱/衰退,2026/05,4.2,14,7.1,7.1,7.1,8.3,✗✗✗✗✗✗✗✗✗✗✗✔,1,-11.1
6963,🟡 中性,2026/05,-22.3,24,54.2,54.2,54.2,16.7,✗✔✗✗✗✗✗✗✗✔✗✗,0,3.5
7771,— 資料不足/新上市,2026/05,82.3,10,50.0,50.0,50.0,50.0,✔✗✔✔✗✗✗✗✔✔,2,15.7
7782,— 資料不足/新上市
7841,— 資料不足/新上市,2026/05,-38.5,1,0.0,0.0,0.0,0.0,✗,0,-38.5
7706,🟢 全期強勢,2026/05,39.4,21,95.2,95.2,95.2,100.0,✔✔✔✔✔✔✔✔✔✔✔✔,15,22.0
2760,🔴 轉弱/衰退,2026/05,-49.3,46,37.0,37.0,38.9,50.0,✔✗✔✔✔✔✔✗✗✗✗✗,0,2.6
7831,— 資料不足/新上市,2026/05,33.8,2,100.0,100.0,100.0,100.0,✔✔,2,24.4
7885,— 資料不足/新上市
7716,— 資料不足/新上市
7913,— 資料不足/新上市
7415,— 資料不足/新上市
7909,— 資料不足/新上市
7889,— 資料不足/新上市
7872,— 資料不足/新上市
2940,🟡 中性,2026/05,19.4,96,46.9,51.7,50.0,33.3,✗✗✗✔✗✔✗✔✗✗✗✔,1,2.3
7849,— 資料不足/新上市
7834,— 資料不足/新上市,2026/05,-11.1,2,0.0,0.0,0.0,0.0,✗✗,0,-22.8
6972,🟡 中性,2026/05,52.7,24,58.3,58.3,58.3,25.0,✗✗✔✗✗✗✗✗✗✗✔✔,2,13.7
6604,— 資料不足/新上市
6999,🔵 多數成長,2026/05,22.0,22,68.2,68.2,68.2,75.0,✔✔✗✔✗✔✔✔✗✔✔✔,3,14.9
7927,— 資料不足/新上市
7826,— 資料不足/新上市,2026/05,-2.6,3,0.0,0.0,0.0,0.0,✗✗✗,0,-11.0
7784,— 資料不足/新上市
7926,— 資料不足/新上市
7748,🟢 全期強勢,2026/05,124.5,13,84.6,84.6,84.6,83.3,✔✔✔✗✔✔✗✔✔✔✔✔,5,180.4
7911,— 資料不足/新上市
7891,— 資料不足/新上市
7779,— 資料不足/新上市,2026/05,-16.0,9,77.8,77.8,77.8,77.8,✔✔✔✗✔✔✔✔✗,0,50.7
7843,— 資料不足/新上市
7735,— 資料不足/新上市
7758,🔴 轉弱/衰退,2026/05,-32.8,12,25.0,25.0,25.0,25.0,✔✗✗✗✗✗✔✗✗✗✔✗,0,20.7
7858,— 資料不足/新上市
7922,— 資料不足/新上市
7839,— 資料不足/新上市,2026/05,3.1,1,100.0,100.0,100.0,100.0,✔,1,3.1
7831,— 資料不足/新上市,2026/05,33.8,2,100.0,100.0,100.0,100.0,✔✔,2,24.4
