代號,分類,最新季,最新季年增%,近12季可比基數,近12季成長季數,近12季成長比率%,近4季成長,近4季樣態,連續成長季數,近12季平均年增%,Q4回填季數
VICI,🟢 全期強勢,2026Q1,3.4,12,12,100.0,4/4,✔✔✔✔,17,36.3,0
SPG,🟢 全期強勢,2026Q1,2.1,12,11,91.7,4/4,✔✔✔✔,5,8.1,3
APP,🟡 中性,2026Q1,9.5,12,7,58.3,2/4,✔✗✗✔,1,13.4,1
CME,🟢 全期強勢,2026Q1,10.4,12,11,91.7,4/4,✔✔✔✔,9,5.2,3
NVDA,🟢 全期強勢,2027Q1,69.2,12,10,83.3,4/4,✔✔✔✔,6,82.7,0
TPL,🔵 多數成長,2026Q1,12.5,12,8,66.7,3/4,✔✔✗✔,1,21.4,1
WDC,🔴 轉弱/衰退,2026Q3,30.9,12,3,25.0,1/4,✗✗✗✔,1,2.8,2
V,🟢 全期強勢,2026Q2,9.3,12,11,91.7,4/4,✔✔✔✔,10,15.5,3
VRSN,🟢 全期強勢,2026Q1,4.7,12,12,100.0,4/4,✔✔✔✔,13,6.2,2
TSM,— 資料不足/新上市,,,,,,,,,,
MA,🔵 多數成長,2026Q1,14.2,12,9,75.0,4/4,✔✔✔✔,9,7.2,2
PLTR,🟢 全期強勢,2026Q1,39.3,12,11,91.7,3/4,✔✔✗✔,1,25.6,2
PTC,🔵 多數成長,2026Q2,5.5,12,9,75.0,3/4,✗✔✔✔,3,4.1,2
PLD,🟢 全期強勢,2026Q1,9.4,12,10,83.3,3/4,✔✗✔✔,2,15.6,1
MU,🔵 多數成長,2026Q2,38.3,12,9,75.0,4/4,✔✔✔✔,5,22.9,1
MSCI,🟢 全期強勢,2026Q1,9.7,12,12,100.0,4/4,✔✔✔✔,13,16.6,3
HOOD,🔵 多數成長,2026Q1,50.0,12,9,75.0,4/4,✔✔✔✔,7,37.2,0
MO,🔴 轉弱/衰退,2026Q1,-5.7,12,1,8.3,0/4,✗✗✗✗,0,-2.4,3
MSFT,🟢 全期強勢,2026Q3,13.3,12,11,91.7,3/4,✗✔✔✔,3,15.1,3
PSA,🟢 全期強勢,2026Q1,2.2,12,11,91.7,4/4,✔✔✔✔,9,20.2,3
AVGO,🟢 全期強勢,2026Q2,20.2,12,11,91.7,4/4,✔✔✔✔,9,28.2,2
FRT,🟢 全期強勢,2026Q1,6.1,12,12,100.0,4/4,✔✔✔✔,12,15.3,2
ANET,🟢 全期強勢,2026Q1,27.6,12,11,91.7,4/4,✔✔✔✔,10,24.0,1
GOOG,🟢 全期強勢,2026Q1,12.0,12,11,91.7,3/4,✔✔✗✔,1,10.6,2
GOOGL,🟢 全期強勢,2026Q1,12.0,12,11,91.7,3/4,✔✔✗✔,1,10.6,2
AVB,🟡 中性,2026Q1,-3.0,12,7,58.3,1/4,✗✗✔✗,0,54.6,2
KLAC,🔵 多數成長,2026Q3,29.8,12,9,75.0,4/4,✔✔✔✔,4,31.4,1
SBAC,🟡 中性,2026Q1,62.4,12,5,41.7,1/4,✗✗✗✔,1,3.8,1
CRDO,🔵 多數成長,2026Q3,154.4,10,7,70.0,3/4,✗✔✔✔,3,88.2,0
VRTX,🟢 全期強勢,2026Q1,3.0,12,12,100.0,4/4,✔✔✔✔,19,18.3,3
LLY,🔵 多數成長,2026Q1,45.2,12,8,66.7,3/4,✔✔✗✔,1,14.2,3
NEM,🟡 中性,2026Q1,24.5,12,7,58.3,4/4,✔✔✔✔,5,19.8,2
REG,🟢 全期強勢,2026Q1,4.7,12,10,83.3,4/4,✔✔✔✔,6,10.0,2
EQT,🟡 中性,2026Q1,23.2,12,7,58.3,3/4,✔✔✗✔,1,39.9,1
SNDK,— 資料不足/新上市,2026Q3,-0.6,2,1,50.0,1/2,✔✗,0,6.0,0
FICO,🔵 多數成長,2026Q2,15.0,12,9,75.0,3/4,✔✗✔✔,2,6.4,3
CPRT,🟢 全期強勢,2026Q3,7.5,12,12,100.0,4/4,✔✔✔✔,13,14.5,1
SCHW,🟡 中性,2026Q1,18.1,12,7,58.3,3/4,✔✔✗✔,1,8.4,2
META,🔵 多數成長,2026Q1,16.1,12,8,66.7,3/4,✔✔✗✔,1,6.1,2
RMBS,🔵 多數成長,2026Q1,41.4,12,9,75.0,3/4,✔✔✗✔,1,18.5,1
MCO,🟡 中性,2026Q1,7.7,12,7,58.3,3/4,✔✔✗✔,1,13.4,3
MCD,🟡 中性,2026Q1,-3.5,12,7,58.3,2/4,✗✔✔✗,0,20.1,3
JPM,🟡 中性,2014Q4,-1.2,12,5,41.7,1/4,✗✔✗✗,0,-0.7,3
GILD,🟡 中性,2026Q1,-0.3,12,7,58.3,2/4,✔✔✗✗,0,4.6,3
LRCX,🔵 多數成長,2026Q3,24.4,12,8,66.7,4/4,✔✔✔✔,4,16.9,2
FSLR,🟢 全期強勢,2026Q1,6.4,12,10,83.3,4/4,✔✔✔✔,5,21.7,3
EQR,🟡 中性,2020Q1,4.7,12,7,58.3,3/4,✔✔✗✔,1,1.2,3
ICE,🟢 全期強勢,2026Q1,15.3,12,10,83.3,3/4,✔✔✗✔,1,8.7,3
SPGI,🟢 全期強勢,2026Q1,8.2,12,12,100.0,4/4,✔✔✔✔,14,17.8,1
PNC,🟢 全期強勢,2026Q1,6.0,12,10,83.3,4/4,✔✔✔✔,4,9.5,3
ESS,🟡 中性,2026Q1,-8.1,12,6,50.0,1/4,✗✗✔✗,0,17.8,3
MTB,— 資料不足/新上市,2026Q1,8.2,3,3,100.0,3/3,✔✔✔,3,6.9,0
ASML,— 資料不足/新上市,,,,,,,,,,
NEE,🔵 多數成長,2026Q1,11.1,12,8,66.7,2/4,✗✗✔✔,2,21.1,3
REGN,🟡 中性,2026Q1,-3.7,12,7,58.3,3/4,✔✔✔✗,0,-4.1,2
RF,— 資料不足/新上市,,,,,,,,,,
VRSK,🔵 多數成長,2026Q1,7.0,12,8,66.7,4/4,✔✔✔✔,5,-0.6,2
GS,— 資料不足/新上市,,,,,,,,,,
AMAT,🟢 全期強勢,2026Q2,6.8,12,10,83.3,4/4,✔✔✔✔,5,8.6,2
NVMI,— 資料不足/新上市,,,,,,,,,,
UNP,🟡 中性,2026Q1,-0.1,12,6,50.0,2/4,✔✔✗✗,0,10.2,3
BNY,🟡 中性,2016Q2,3.2,12,7,58.3,3/4,✔✗✔✔,2,4.6,3
MRVL,🟡 中性,2027Q1,63.3,12,6,50.0,2/4,✗✔✗✔,1,17.7,1
TXN,🟡 中性,2026Q1,11.1,12,5,41.7,1/4,✗✗✗✔,1,23.7,3
ADBE,🟢 全期強勢,2026Q2,10.6,12,12,100.0,4/4,✔✔✔✔,14,20.8,3
UDR,🔵 多數成長,2026Q1,7.5,12,9,75.0,4/4,✔✔✔✔,5,7.9,2
VEEV,🟢 全期強勢,2027Q1,16.7,12,11,91.7,3/4,✔✔✗✔,1,29.6,2
NFLX,🟢 全期強勢,2026Q1,12.5,12,11,91.7,3/4,✔✔✗✔,1,14.4,3
KIM,🟢 全期強勢,2026Q1,6.5,12,10,83.3,3/4,✔✔✗✔,1,6.2,2
ISRG,🟢 全期強勢,2026Q1,19.2,12,11,91.7,4/4,✔✔✔✔,5,11.6,2
ZTS,🟢 全期強勢,2026Q1,0.4,12,11,91.7,3/4,✔✔✗✔,1,11.9,3
EXR,🟢 全期強勢,2026Q1,2.5,12,10,83.3,3/4,✔✔✗✔,1,13.7,2
TROW,🟡 中性,2026Q1,0.8,12,7,58.3,3/4,✔✔✗✔,1,30.1,3
ATO,🔵 多數成長,2026Q2,18.4,12,9,75.0,4/4,✔✔✔✔,5,12.7,1
KO,🟢 全期強勢,2026Q1,-1.5,12,10,83.3,2/4,✔✗✔✗,0,13.5,3
FTNT,🟢 全期強勢,2026Q1,13.8,12,11,91.7,4/4,✔✔✔✔,11,22.8,2
RMD,🟢 全期強勢,2026Q3,7.9,12,10,83.3,4/4,✔✔✔✔,7,12.3,3
AAPL,🟡 中性,2026Q2,5.1,12,7,58.3,3/4,✔✗✔✔,2,5.2,2
BAC,🟢 全期強勢,2026Q1,9.4,12,10,83.3,4/4,✔✔✔✔,4,7.6,3
USB,🔵 多數成長,2026Q1,3.6,12,8,66.7,2/4,✗✗✔✔,2,15.1,2
AMT,🟡 中性,2026Q1,30.6,12,7,58.3,3/4,✔✔✗✔,1,25.0,2
TFC,— 資料不足/新上市,,,,,,,,,,
ALAB,— 資料不足/新上市,2026Q1,144.3,4,4,100.0,4/4,✔✔✔✔,4,309.8,0
PM,🟢 全期強勢,2026Q1,5.8,12,10,83.3,4/4,✔✔✔✔,5,8.7,3
INCY,🟢 全期強勢,2026Q1,19.5,12,10,83.3,3/4,✔✔✗✔,1,11.7,3
ADI,🟡 中性,2026Q2,22.3,12,7,58.3,2/4,✗✔✗✔,1,26.2,1
PAYX,🟢 全期強勢,2026Q3,5.1,12,11,91.7,4/4,✔✔✔✔,11,6.6,3
KEY,🟡 中性,2026Q1,3.0,12,5,41.7,3/4,✔✔✗✔,1,-5.7,3
CBOE,🟡 中性,2026Q1,24.8,12,7,58.3,3/4,✔✔✗✔,1,10.3,3
AFL,🔴 轉弱/衰退,2026Q1,-37.5,12,4,33.3,1/4,✗✗✔✗,0,-6.6,3
WFC,🟡 中性,2020Q3,0.3,7,4,57.1,3/4,✔✗✔✔,2,-0.1,1
HBAN,🟢 全期強勢,2026Q1,4.5,12,10,83.3,4/4,✔✔✔✔,4,20.3,3
ACGL,🔵 多數成長,2026Q1,18.6,12,9,75.0,4/4,✔✔✔✔,7,24.4,1
ORCL,🟢 全期強勢,2026Q3,6.4,12,11,91.7,4/4,✔✔✔✔,7,11.7,3
EXE,🟡 中性,2026Q1,103.1,12,6,50.0,1/4,✗✗✗✔,1,66.8,2
MS,🔵 多數成長,2015Q2,1.1,12,8,66.7,4/4,✔✔✔✔,6,20.7,1
IDXX,🟢 全期強勢,2026Q1,3.6,12,11,91.7,4/4,✔✔✔✔,5,16.4,3
CPAY,🟢 全期強勢,2026Q1,7.5,12,11,91.7,4/4,✔✔✔✔,9,18.8,3
FDS,🟢 全期強勢,2026Q2,4.5,12,11,91.7,4/4,✔✔✔✔,10,12.1,3
CPT,🟡 中性,2026Q1,93.7,12,7,58.3,4/4,✔✔✔✔,4,35.6,2
RCL,🟢 全期強勢,2026Q1,7.3,12,11,91.7,4/4,✔✔✔✔,11,741.2,0
GEV,— 資料不足/新上市,2026Q1,10.6,5,5,100.0,4/4,✔✔✔✔,5,12.7,1
BLK,— 資料不足/新上市,2026Q1,11.6,2,2,100.0,2/2,✔✔,2,13.3,0
CF,🟡 中性,2026Q1,13.1,12,6,50.0,2/4,✗✔✗✔,1,17.9,1
CFG,🟡 中性,2026Q1,0.0,12,7,58.3,2/4,✔✔✗✗,0,9.1,3
FIS,🟡 中性,2026Q1,2.6,12,7,58.3,3/4,✔✔✗✔,1,3.3,2
EOG,🟡 中性,2026Q1,-7.4,12,7,58.3,1/4,✔✗✗✗,0,20.2,1
GRMN,🟡 中性,2026Q1,11.1,12,7,58.3,3/4,✔✔✗✔,1,13.4,3
NDAQ,🔵 多數成長,2026Q1,25.2,12,8,66.7,3/4,✔✔✗✔,1,7.3,3
MKC,🔵 多數成長,2026Q1,0.2,12,8,66.7,2/4,✗✗✔✔,2,7.5,3
MNST,🟢 全期強勢,2026Q1,-2.3,12,11,91.7,3/4,✔✔✔✗,0,18.1,3
WMB,🟡 中性,2026Q1,25.4,12,7,58.3,2/4,✔✗✗✔,1,12.4,1
STT,🔵 多數成長,2026Q1,4.7,12,8,66.7,3/4,✔✔✗✔,1,1.1,3
MPWR,🔵 多數成長,2026Q1,39.2,12,9,75.0,3/4,✔✔✗✔,1,29.5,1
TER,🔴 轉弱/衰退,2026Q1,14.3,12,4,33.3,3/4,✔✔✗✔,1,16.7,3
AON,🔵 多數成長,2026Q1,16.2,12,9,75.0,3/4,✔✔✗✔,1,8.1,3
QCOM,🔵 多數成長,2026Q2,16.9,12,8,66.7,3/4,✔✗✔✔,2,4.1,1
BKNG,🟢 全期強勢,2026Q1,7.9,12,12,100.0,4/4,✔✔✔✔,12,59.5,0
NTRS,🔵 多數成長,2026Q1,6.2,12,8,66.7,3/4,✔✔✗✔,1,3.7,3
FFIV,🔵 多數成長,2026Q2,7.3,12,8,66.7,3/4,✗✔✔✔,3,8.2,3
INTU,🟢 全期強勢,2026Q3,15.1,12,12,100.0,4/4,✔✔✔✔,13,21.1,1
NSC,🟡 中性,2026Q1,-0.4,12,7,58.3,2/4,✔✔✗✗,0,11.5,3
PDD,— 資料不足/新上市,,,,,,,,,,
JNJ,🔵 多數成長,2026Q1,2.4,12,8,66.7,4/4,✔✔✔✔,7,2.6,3
STX,🟡 中性,2026Q3,30.5,12,5,41.7,3/4,✗✔✔✔,3,15.1,2
CSX,🟡 中性,2026Q1,-7.0,12,6,50.0,2/4,✔✔✗✗,0,16.9,3
DLR,🔵 多數成長,2026Q1,5.7,12,9,75.0,3/4,✗✔✔✔,3,19.2,3
FITB,🟡 中性,2024Q3,4.2,12,7,58.3,2/4,✔✗✗✔,1,3.2,3
MTD,🟡 中性,2025Q3,1.3,12,7,58.3,2/4,✗✔✗✔,1,6.9,3
CINF,🟡 中性,2026Q1,-12.6,12,5,41.7,2/4,✔✗✔✗,0,18.2,1
CDNS,🟢 全期強勢,2026Q1,23.1,12,10,83.3,4/4,✔✔✔✔,4,17.7,3
AWK,🔵 多數成長,2026Q1,13.1,12,9,75.0,4/4,✔✔✔✔,5,7.3,3
ROP,🟢 全期強勢,2026Q1,12.0,12,10,83.3,4/4,✔✔✔✔,5,10.6,2
NXPI,🟡 中性,2026Q1,-9.3,12,6,50.0,1/4,✗✗✔✗,0,27.1,3
AMGN,🔵 多數成長,2026Q1,9.4,12,8,66.7,3/4,✔✔✗✔,1,3.7,3
INVH,🟢 全期強勢,2026Q1,-100.0,12,10,83.3,3/4,✔✔✔✗,0,1.0,3
JKHY,🟢 全期強勢,2026Q3,8.6,12,11,91.7,4/4,✔✔✔✔,11,6.2,3
BX,🟡 中性,2026Q1,-10.8,12,7,58.3,3/4,✔✔✔✗,0,45.6,0
YUM,🟢 全期強勢,2026Q1,11.8,12,11,91.7,4/4,✔✔✔✔,4,10.8,3
LIN,🟡 中性,2026Q1,0.1,12,7,58.3,3/4,✔✔✗✔,1,7.3,3
HWM,🟢 全期強勢,2026Q1,6.5,12,10,83.3,4/4,✔✔✔✔,5,9.9,3
AMP,🔵 多數成長,2026Q1,3.6,12,9,75.0,4/4,✔✔✔✔,5,13.0,3
CSCO,🟡 中性,2026Q3,11.4,12,7,58.3,3/4,✔✗✔✔,2,6.5,3
ADP,🟢 全期強勢,2026Q3,5.7,12,11,91.7,4/4,✔✔✔✔,11,6.8,3
AME,🟢 全期強勢,2026Q1,-0.2,12,11,91.7,3/4,✔✔✔✗,0,16.7,3
TRI,— 資料不足/新上市,,,,,,,,,,
ABNB,🟢 全期強勢,2026Q1,6.1,12,12,100.0,4/4,✔✔✔✔,14,34.1,1
TDG,🟢 全期強勢,2026Q2,12.0,12,10,83.3,4/4,✔✔✔✔,6,10.1,3
SNA,🔵 多數成長,2026Q1,-3.6,12,8,66.7,1/4,✗✗✔✗,0,2.8,3
A,🔵 多數成長,2026Q2,6.0,12,8,66.7,3/4,✗✔✔✔,3,12.3,3
GEN,🟢 全期強勢,2026Q4,81.9,12,11,91.7,4/4,✔✔✔✔,8,16.8,3
ADSK,🟢 全期強勢,2027Q1,15.2,12,12,100.0,4/4,✔✔✔✔,21,13.7,3
GL,🟢 全期強勢,2026Q1,4.5,12,10,83.3,3/4,✔✔✗✔,1,5.4,3
ITW,🔵 多數成長,2026Q1,-3.4,12,8,66.7,1/4,✗✗✔✗,0,9.9,3
DXCM,🟢 全期強勢,2026Q1,12.5,12,11,91.7,4/4,✔✔✔✔,5,30.7,3
BRK.B,— 查無CIK(非SEC財報/ETF/ADR),,,,,,,,,,
PG,🔵 多數成長,2026Q3,-2.1,12,8,66.7,1/4,✗✗✔✗,0,3.8,3
SYF,— 資料不足/新上市,,,,,,,,,,
KMI,🟡 中性,2026Q1,13.3,12,5,41.7,2/4,✔✗✗✔,1,18.7,2
EIX,🟡 中性,2026Q1,-6.5,12,5,41.7,2/4,✔✔✗✗,0,11.5,3
DECK,🟢 全期強勢,2026Q4,8.2,12,11,91.7,4/4,✔✔✔✔,4,15.0,2
CRM,🟢 全期強勢,2027Q1,7.6,12,12,100.0,4/4,✔✔✔✔,20,30.1,2
O,🟢 全期強勢,2026Q1,9.5,12,11,91.7,4/4,✔✔✔✔,10,34.8,1
LNT,🟡 中性,2026Q1,9.4,12,6,50.0,2/4,✗✔✗✔,1,8.9,3
CB,🟢 全期強勢,2026Q1,3.6,12,11,91.7,4/4,✔✔✔✔,5,14.3,3
ODFL,🟡 中性,2026Q1,-5.8,12,6,50.0,1/4,✔✗✗✗,0,25.9,2
STZ,🟢 全期強勢,2026Q4,17.6,12,10,83.3,3/4,✔✔✗✔,1,5.5,3
NTAP,🔵 多數成長,2026Q3,2.2,12,8,66.7,3/4,✗✔✔✔,3,5.4,3
ARM,— 資料不足/新上市,2026Q3,19.3,4,4,100.0,4/4,✔✔✔✔,4,16.4,0
NDSN,🟢 全期強勢,2026Q2,5.0,12,10,83.3,3/4,✔✔✗✔,1,7.3,3
BF.B,— 查無CIK(非SEC財報/ETF/ADR),,,,,,,,,,
ALL,🟢 全期強勢,2026Q1,7.8,12,10,83.3,4/4,✔✔✔✔,5,21.3,3
APA,— 資料不足/新上市,,,,,,,,,,
BRO,🟢 全期強勢,2026Q1,11.6,12,11,91.7,4/4,✔✔✔✔,5,20.8,3
GE,🔴 轉弱/衰退,2026Q1,10.9,12,4,33.3,3/4,✗✔✔✔,3,-18.0,2
LITE,🟡 中性,2026Q3,16.0,12,7,58.3,4/4,✔✔✔✔,4,10.0,3
KEYS,🔵 多數成長,2026Q2,7.4,12,9,75.0,3/4,✗✔✔✔,3,11.7,3
MSI,🟢 全期強勢,2026Q1,5.8,12,12,100.0,4/4,✔✔✔✔,13,10.4,3
MAA,🟢 全期強勢,2026Q1,1.0,12,11,91.7,4/4,✔✔✔✔,9,8.8,3
CTAS,🟢 全期強勢,2026Q3,8.4,12,10,83.3,4/4,✔✔✔✔,7,7.5,3
C,🟡 中性,2025Q4,17.4,12,7,58.3,3/4,✗✔✔✔,3,1.8,3
PEG,🟢 全期強勢,2026Q1,16.7,12,10,83.3,4/4,✔✔✔✔,4,20.8,3
VLTO,🟢 全期強勢,2026Q1,6.9,6,6,100.0,4/4,✔✔✔✔,6,3.7,1
GDDY,🟢 全期強勢,2026Q1,7.7,12,11,91.7,3/4,✔✔✗✔,1,9.9,3
BSX,🟢 全期強勢,2026Q1,20.9,12,10,83.3,3/4,✔✔✗✔,1,17.7,3
SOLV,— 資料不足/新上市,2026Q1,2.7,5,5,100.0,4/4,✔✔✔✔,5,1.2,1
APH,🔵 多數成長,2026Q1,47.7,12,9,75.0,3/4,✔✔✗✔,1,25.6,3
AEE,🟡 中性,2026Q1,15.5,12,7,58.3,2/4,✗✔✗✔,1,26.6,3
EBAY,🔵 多數成長,2026Q1,1.1,12,9,75.0,4/4,✔✔✔✔,5,14.3,3
EW,🟡 中性,2026Q1,6.2,12,7,58.3,4/4,✔✔✔✔,4,16.8,3
APD,🟡 中性,2026Q2,-0.5,12,5,41.7,1/4,✗✔✗✗,0,15.7,3
T,🟡 中性,2026Q1,2.0,12,6,50.0,2/4,✗✗✔✔,2,-0.2,3
WST,🟡 中性,2026Q1,0.4,12,6,50.0,2/4,✗✗✔✔,2,2.5,2
WTW,🔵 多數成長,2026Q1,-5.0,12,8,66.7,3/4,✔✔✔✗,0,3.1,1
D,🔵 多數成長,2026Q1,15.9,12,8,66.7,3/4,✔✔✗✔,1,0.5,2
PH,🔵 多數成長,2026Q3,-2.3,12,8,66.7,2/4,✔✔✗✗,0,12.8,3
MTSI,🔵 多數成長,2026Q2,30.2,12,9,75.0,3/4,✔✗✔✔,2,14.6,3
HST,🟢 全期強勢,2026Q1,8.4,12,12,100.0,4/4,✔✔✔✔,13,60.4,1
AEP,🔵 多數成長,2026Q1,10.7,12,8,66.7,3/4,✔✔✗✔,1,15.4,3
WEC,🟡 中性,2026Q1,17.5,12,5,41.7,1/4,✗✗✗✔,1,13.1,3
UBER,🟢 全期強勢,2026Q1,13.8,12,12,100.0,4/4,✔✔✔✔,13,43.5,1
PNR,🟡 中性,2026Q1,-0.7,12,7,58.3,1/4,✔✗✗✗,0,20.2,3
IBM,🟢 全期強勢,2026Q1,0.5,12,10,83.3,4/4,✔✔✔✔,7,3.4,3
TEL,🟡 中性,2026Q2,4.4,12,7,58.3,2/4,✗✗✔✔,2,19.3,3
TRV,🟢 全期強勢,2026Q1,5.2,12,11,91.7,4/4,✔✔✔✔,5,8.8,3
DUK,🔵 多數成長,2026Q1,9.1,12,9,75.0,3/4,✔✔✗✔,1,11.5,3
FAST,🟢 全期強勢,2026Q1,3.4,12,11,91.7,4/4,✔✔✔✔,9,11.0,3
URI,🟢 全期強勢,2026Q1,8.2,12,12,100.0,4/4,✔✔✔✔,12,18.7,1
MLM,🟡 中性,2026Q1,-7.1,12,7,58.3,1/4,✗✗✔✗,0,6.4,3
ALLE,🟢 全期強勢,2026Q1,5.4,12,10,83.3,4/4,✔✔✔✔,4,12.0,3
FISV,🟢 全期強勢,2026Q1,5.1,12,12,100.0,4/4,✔✔✔✔,15,8.4,3
TMO,🟡 中性,2026Q1,0.2,12,6,50.0,2/4,✗✔✗✔,1,15.3,3
HUBB,🟢 全期強勢,2026Q1,-2.4,12,10,83.3,3/4,✔✔✔✗,0,14.7,3
EQIX,🟢 全期強勢,2026Q1,0.0,12,10,83.3,3/4,✔✔✔✗,0,10.8,3
BR,🟢 全期強勢,2026Q3,4.9,12,11,91.7,3/4,✔✗✔✔,2,9.9,2
BMY,🟡 中性,2026Q1,-5.6,12,6,50.0,2/4,✔✔✗✗,0,2.3,3
CMCSA,🟡 中性,2026Q1,-0.6,12,7,58.3,1/4,✗✔✗✗,0,5.8,3
TDY,🟢 全期強勢,2026Q1,7.4,12,10,83.3,3/4,✗✔✔✔,3,20.1,2
LII,🟢 全期強勢,2026Q1,2.4,12,11,91.7,4/4,✔✔✔✔,4,14.7,3
PYPL,🟢 全期強勢,2026Q1,1.2,12,12,100.0,4/4,✔✔✔✔,17,13.6,3
DHR,🟡 中性,2026Q1,-0.9,12,5,41.7,1/4,✗✔✗✗,0,30.0,2
EVRG,🔵 多數成長,2026Q1,1.1,12,9,75.0,3/4,✔✔✗✔,1,10.9,3
TTD,🟢 全期強勢,2026Q1,25.4,12,12,100.0,4/4,✔✔✔✔,17,33.7,2
SRE,🟡 中性,2026Q1,-0.4,12,5,41.7,1/4,✗✗✔✗,0,18.7,3
SO,🟡 中性,2026Q1,17.0,12,7,58.3,3/4,✔✔✗✔,1,-1.7,2
IEX,🔵 多數成長,2026Q1,1.7,12,9,75.0,3/4,✗✔✔✔,3,14.3,3
VRT,🟢 全期強勢,2026Q1,24.2,12,11,91.7,4/4,✔✔✔✔,5,19.7,3
ORLY,🟢 全期強勢,2026Q1,4.0,12,11,91.7,4/4,✔✔✔✔,9,9.8,2
BIIB,🔴 轉弱/衰退,2026Q1,6.1,12,3,25.0,2/4,✔✗✗✔,1,-5.7,2
MRSH,🟢 全期強勢,2026Q1,9.1,12,11,91.7,4/4,✔✔✔✔,5,11.8,3
XEL,🔵 多數成長,2019Q3,1.0,12,8,66.7,4/4,✔✔✔✔,4,3.9,3
HIG,🟡 中性,2026Q1,4.0,12,6,50.0,3/4,✔✔✗✔,1,7.6,3
NI,🟡 中性,2026Q1,30.8,12,6,50.0,2/4,✗✔✗✔,1,13.5,3
ETN,🟢 全期強勢,2026Q1,7.3,12,10,83.3,4/4,✔✔✔✔,5,10.7,3
ERIE,🟢 全期強勢,2026Q1,12.3,12,10,83.3,4/4,✔✔✔✔,5,7.9,3
ABT,🟡 中性,2026Q1,4.0,12,7,58.3,3/4,✔✔✗✔,1,18.0,3
VMC,🔵 多數成長,2026Q1,5.8,12,8,66.7,2/4,✗✗✔✔,2,13.9,2
AOS,🟡 中性,2026Q1,-1.5,12,6,50.0,2/4,✔✔✗✗,0,7.2,2
WSM,🟡 中性,2026Q1,4.2,12,5,41.7,1/4,✗✗✗✔,1,8.7,3
ROL,🟢 全期強勢,2026Q1,9.9,12,11,91.7,4/4,✔✔✔✔,5,13.0,3
MRK,🔵 多數成長,2026Q1,-1.6,12,8,66.7,2/4,✔✔✗✗,0,26.8,3
VST,🟡 中性,2026Q1,34.5,12,5,41.7,2/4,✔✗✗✔,1,-3.5,2
TT,🟢 全期強勢,2026Q1,11.2,12,11,91.7,3/4,✔✔✗✔,1,12.6,3
ETR,🟡 中性,2026Q1,1.9,12,7,58.3,2/4,✔✗✗✔,1,20.3,3
AXP,🟢 全期強勢,2026Q1,3.1,12,12,100.0,4/4,✔✔✔✔,13,24.0,3
ALNY,🟢 全期強勢,2025Q3,-33.3,12,11,91.7,3/4,✔✔✔✗,0,58.9,0
DVN,🟡 中性,2026Q1,21.6,12,6,50.0,2/4,✔✗✗✔,1,26.5,1
LVS,🔵 多數成長,2026Q1,-3.3,12,8,66.7,2/4,✔✔✗✗,0,196.4,0
CAT,🔵 多數成長,2026Q1,-9.8,12,8,66.7,1/4,✗✗✔✗,0,21.1,3
EMR,🔵 多數成長,2026Q2,1.3,12,8,66.7,3/4,✔✗✔✔,2,1.8,3
CEG,🟡 中性,2026Q1,16.1,11,6,54.5,2/4,✗✗✔✔,2,4.5,1
TYL,🟢 全期強勢,2026Q1,10.3,12,11,91.7,3/4,✔✔✗✔,1,17.8,2
DOV,🟡 中性,2026Q1,-0.9,12,7,58.3,2/4,✗✔✔✗,0,9.0,3
KKR,🔵 多數成長,2026Q1,-67.8,12,8,66.7,3/4,✔✔✔✗,0,129.9,0
MDT,🔵 多數成長,2026Q4,4.1,12,8,66.7,4/4,✔✔✔✔,4,3.2,3
SYK,🟢 全期強勢,2026Q1,11.9,12,11,91.7,4/4,✔✔✔✔,5,16.5,3
STE,🟢 全期強勢,2026Q4,42.0,12,12,100.0,4/4,✔✔✔✔,17,14.2,2
AMD,🔵 多數成長,2026Q1,35.9,12,9,75.0,3/4,✔✔✗✔,1,19.2,1
Q,— 資料不足/新上市,,,,,,,,,,
PPL,🔴 轉弱/衰退,2026Q1,10.5,12,3,25.0,2/4,✗✔✗✔,1,-3.8,1
LULU,🟢 全期強勢,2026Q1,7.3,12,12,100.0,4/4,✔✔✔✔,18,27.0,2
RSG,🟢 全期強勢,2026Q1,3.8,12,11,91.7,4/4,✔✔✔✔,9,15.5,3
RJF,🟢 全期強勢,2026Q2,5.7,12,12,100.0,4/4,✔✔✔✔,14,17.4,3
PGR,🟢 全期強勢,2026Q1,18.4,12,10,83.3,4/4,✔✔✔✔,5,18.1,3
FTV,🟢 全期強勢,2026Q1,-34.9,12,10,83.3,2/4,✔✔✗✗,0,4.2,2
NVR,🔵 多數成長,2026Q1,3.0,12,8,66.7,3/4,✔✔✗✔,1,19.0,3
ECL,🟢 全期強勢,2026Q1,-1.5,12,10,83.3,3/4,✔✔✔✗,0,8.5,3
TRGP,🟡 中性,2026Q1,-0.0,12,6,50.0,1/4,✔✗✗✗,0,14.9,1
WRB,🟢 全期強勢,2026Q1,8.9,12,11,91.7,3/4,✔✔✗✔,1,12.9,1
COP,🟡 中性,2026Q1,17.6,12,7,58.3,2/4,✔✗✗✔,1,25.2,1
NOW,🟢 全期強勢,2026Q1,18.6,12,12,100.0,4/4,✔✔✔✔,41,23.5,2
HLT,🟢 全期強勢,2026Q1,4.7,12,12,100.0,4/4,✔✔✔✔,13,37.4,1
ES,🟡 中性,2026Q1,23.6,12,7,58.3,2/4,✗✔✗✔,1,5.9,2
CMS,🟡 中性,2026Q1,11.8,12,6,50.0,3/4,✔✔✗✔,1,14.3,3
ED,🔵 多數成長,2026Q1,14.2,12,9,75.0,3/4,✔✔✗✔,1,12.9,3
VZ,🟡 中性,2026Q1,1.5,12,7,58.3,2/4,✔✗✗✔,1,1.7,3
AZO,🟢 全期強勢,2026Q3,5.4,12,12,100.0,4/4,✔✔✔✔,15,9.2,3
TRMB,🟡 中性,2026Q1,-11.8,12,5,41.7,1/4,✗✗✔✗,0,9.1,3
ROK,🟡 中性,2026Q2,-5.9,12,7,58.3,1/4,✗✔✗✗,0,13.6,3
AMZN,🟢 全期強勢,2026Q1,8.6,12,12,100.0,4/4,✔✔✔✔,17,17.6,3
PHM,🟢 全期強勢,2026Q1,-1.4,12,10,83.3,2/4,✔✔✗✗,0,16.4,3
COIN,🟡 中性,2026Q1,24.2,12,7,58.3,4/4,✔✔✔✔,5,128.8,0
FIX,🟢 全期強勢,2026Q1,19.1,12,12,100.0,4/4,✔✔✔✔,12,30.8,1
GIS,🟡 中性,2026Q3,-5.0,12,7,58.3,2/4,✔✗✔✗,0,3.5,3
PNW,🟢 全期強勢,2026Q1,8.5,12,11,91.7,4/4,✔✔✔✔,9,9.0,3
WELL,🟡 中性,2026Q1,37.1,12,7,58.3,3/4,✔✔✗✔,1,5.7,2
CMG,🟢 全期強勢,2026Q1,6.4,12,12,100.0,4/4,✔✔✔✔,13,27.1,3
WAT,🔵 多數成長,2026Q1,4.0,12,9,75.0,3/4,✗✔✔✔,3,8.5,3
DPZ,🔵 多數成長,2026Q1,2.5,12,9,75.0,3/4,✔✔✗✔,1,10.7,3
AIG,🟡 中性,2026Q1,0.3,12,5,41.7,2/4,✗✗✔✔,2,-3.9,3
CHD,🟢 全期強勢,2026Q1,-2.4,12,10,83.3,3/4,✔✔✔✗,0,6.2,3
PFE,🟡 中性,2026Q1,-7.8,12,5,41.7,2/4,✔✔✗✗,0,5.0,1
EG,🟢 全期強勢,2026Q1,3.1,12,10,83.3,4/4,✔✔✔✔,5,32.4,3
EA,🟢 全期強勢,2026Q4,21.4,12,10,83.3,2/4,✗✔✗✔,1,13.9,2
TMUS,🟡 中性,2026Q1,6.6,12,5,41.7,3/4,✔✔✗✔,1,10.6,3
RL,🟢 全期強勢,2026Q4,-9.4,12,11,91.7,3/4,✔✔✔✗,0,5.3,2
DIS,🟢 全期強勢,2026Q2,7.0,12,11,91.7,4/4,✔✔✔✔,11,29.7,3
CCL,🟢 全期強勢,2026Q1,7.5,12,11,91.7,4/4,✔✔✔✔,11,1125.0,0
IT,🟢 全期強勢,2026Q1,4.2,12,12,100.0,4/4,✔✔✔✔,13,13.5,3
PCG,🔵 多數成長,2026Q1,2.1,12,8,66.7,4/4,✔✔✔✔,4,10.1,3
HON,🟢 全期強勢,2026Q1,-2.0,12,10,83.3,2/4,✔✔✗✗,0,0.3,3
CNP,🟡 中性,2026Q1,14.0,12,6,50.0,2/4,✔✗✗✔,1,8.3,3
GFS,— 資料不足/新上市,,,,,,,,,,
EXC,🟢 全期強勢,2026Q1,11.1,12,10,83.3,4/4,✔✔✔✔,5,10.3,3
CLX,🟡 中性,2026Q3,-8.0,12,6,50.0,2/4,✔✔✗✗,0,6.8,3
BKR,🔵 多數成長,2026Q1,0.1,12,9,75.0,4/4,✔✔✔✔,5,11.9,3
MMM,🔴 轉弱/衰退,2026Q1,-1.0,12,3,25.0,2/4,✗✔✔✗,0,-4.9,3
EFX,🟢 全期強勢,2026Q1,3.8,12,10,83.3,3/4,✔✔✗✔,1,13.4,3
GLW,🟡 中性,2026Q1,16.0,12,6,50.0,3/4,✔✔✗✔,1,21.3,3
AES,🔴 轉弱/衰退,2026Q1,-5.2,12,4,33.3,1/4,✔✗✗✗,0,3.2,2
WM,🟢 全期強勢,2026Q1,16.7,12,11,91.7,3/4,✔✔✗✔,1,13.6,3
MAS,🔴 轉弱/衰退,2026Q1,-6.5,12,4,33.3,1/4,✗✔✗✗,0,8.1,3
SHOP,— 資料不足/新上市,2026Q1,26.8,1,1,100.0,1/1,✔,1,26.8,0
SHW,🔵 多數成長,2026Q1,-1.1,12,9,75.0,3/4,✔✔✔✗,0,8.4,3
KDP,🟢 全期強勢,2026Q1,4.8,12,12,100.0,4/4,✔✔✔✔,13,8.8,3
XYL,🟢 全期強勢,2026Q1,1.8,12,11,91.7,4/4,✔✔✔✔,10,14.5,1
NOC,🔵 多數成長,2026Q1,-6.6,12,8,66.7,3/4,✔✔✔✗,0,2.2,3
AJG,🟢 全期強勢,2026Q1,14.4,12,10,83.3,4/4,✔✔✔✔,5,18.7,3
KVUE,🟡 中性,2026Q1,-3.9,9,5,55.6,1/4,✗✗✔✗,0,1.1,2
ACN,🔵 多數成長,2026Q3,7.7,12,9,75.0,4/4,✔✔✔✔,4,18.5,3
FOXA,🔵 多數成長,2026Q3,26.8,12,9,75.0,4/4,✔✔✔✔,4,12.2,3
FOX,🔵 多數成長,2026Q3,26.8,12,9,75.0,4/4,✔✔✔✔,4,12.2,3
FCX,🔵 多數成長,2026Q1,-10.3,12,8,66.7,3/4,✔✔✔✗,0,17.7,0
WAB,🟢 全期強勢,2026Q1,4.5,12,10,83.3,4/4,✔✔✔✔,5,9.9,3
ALGN,🟡 中性,2026Q1,-1.8,12,7,58.3,3/4,✔✔✔✗,0,-1.1,2
PODD,🟢 全期強勢,2026Q1,28.8,12,11,91.7,4/4,✔✔✔✔,5,29.5,3
CTSH,🟡 中性,2026Q1,7.5,12,7,58.3,2/4,✗✔✗✔,1,6.1,3
KMB,🟡 中性,2026Q1,-21.3,12,6,50.0,0/4,✗✗✗✗,0,-5.6,3
AKAM,🟢 全期強勢,2026Q1,2.9,12,12,100.0,4/4,✔✔✔✔,17,5.9,3
OTIS,🟡 中性,2026Q1,-2.5,12,6,50.0,2/4,✗✔✔✗,0,7.3,3
PFG,🔴 轉弱/衰退,2026Q1,-8.8,12,4,33.3,1/4,✔✗✗✗,0,0.6,2
DE,🟡 中性,2026Q2,-16.2,12,6,50.0,1/4,✗✔✗✗,0,30.5,3
CL,🟢 全期強勢,2026Q1,-3.0,12,10,83.3,3/4,✔✔✔✗,0,5.9,3
OKE,🔵 多數成長,2026Q1,68.2,12,8,66.7,3/4,✔✔✗✔,1,21.5,1
EXPE,🟢 全期強勢,2026Q1,3.4,12,12,100.0,4/4,✔✔✔✔,13,28.3,1
PPG,🟡 中性,2026Q1,-4.3,12,6,50.0,1/4,✗✗✔✗,0,8.8,2
ROST,🔵 多數成長,2026Q1,2.6,12,8,66.7,4/4,✔✔✔✔,5,2.5,2
MAR,🟢 全期強勢,2026Q1,4.8,12,11,91.7,4/4,✔✔✔✔,11,19.7,2
GWW,🟢 全期強勢,2026Q1,1.7,12,11,91.7,4/4,✔✔✔✔,9,12.7,3
IBKR,🔵 多數成長,2026Q1,35.2,12,9,75.0,3/4,✔✔✗✔,1,31.9,3
CRH,— 資料不足/新上市,2026Q1,3.4,5,4,80.0,3/4,✗✔✔✔,3,7.2,1
DHI,🔵 多數成長,2026Q2,-15.1,12,9,75.0,2/4,✔✔✗✗,0,15.2,2
ON,🟡 中性,2026Q1,-22.4,12,7,58.3,1/4,✗✗✔✗,0,31.1,3
TJX,🔵 多數成長,2027Q1,5.1,12,9,75.0,4/4,✔✔✔✔,5,5.0,2
ULTA,🟢 全期強勢,2026Q1,4.5,12,12,100.0,4/4,✔✔✔✔,16,15.2,2
CCEP,— 資料不足/新上市,,,,,,,,,,
SLB,🟢 全期強勢,2026Q1,-2.5,12,10,83.3,3/4,✔✔✔✗,0,15.1,3
QRVO,🔴 轉弱/衰退,2026Q4,24.2,12,4,33.3,2/4,✔✗✗✔,1,13.1,3
PEP,🟢 全期強勢,2026Q1,-1.8,12,10,83.3,2/4,✔✗✔✗,0,8.4,3
HSY,🔵 多數成長,2026Q1,-13.8,12,8,66.7,1/4,✗✗✔✗,0,10.7,3
GEHC,🔵 多數成長,2026Q1,2.7,9,7,77.8,4/4,✔✔✔✔,4,5.5,2
BXP,🟢 全期強勢,2025Q4,9.1,12,11,91.7,4/4,✔✔✔✔,8,5.9,3
ZBH,🟢 全期強勢,2026Q1,1.1,12,10,83.3,4/4,✔✔✔✔,5,7.9,3
TECH,🟢 全期強勢,2026Q3,4.2,12,12,100.0,4/4,✔✔✔✔,15,20.3,3
DGX,🟡 中性,2026Q1,12.1,12,5,41.7,3/4,✔✔✗✔,1,6.5,3
CHTR,🟢 全期強勢,2026Q1,0.4,12,12,100.0,4/4,✔✔✔✔,13,4.3,3
FER,— 資料不足/新上市,,,,,,,,,,
SWKS,🔴 轉弱/衰退,2026Q2,-8.9,12,3,25.0,0/4,✗✗✗✗,0,0.2,2
PCAR,🔵 多數成長,2026Q1,-14.9,12,8,66.7,1/4,✗✗✔✗,0,33.8,3
SNPS,🔵 多數成長,2026Q2,10.3,12,9,75.0,3/4,✔✔✗✔,1,10.7,3
HCA,🟢 全期強勢,2026Q1,5.7,12,10,83.3,4/4,✔✔✔✔,5,10.4,3
L,🔵 多數成長,2026Q1,19.2,12,9,75.0,3/4,✔✔✗✔,1,4.8,3
DRI,🟢 全期強勢,2026Q3,6.2,12,12,100.0,4/4,✔✔✔✔,14,13.0,1
WDAY,🟢 全期強勢,2025Q3,35.1,12,12,100.0,4/4,✔✔✔✔,29,22.9,2
UHS,🟢 全期強勢,2026Q1,6.7,12,11,91.7,3/4,✔✔✗✔,1,7.2,3
ARES,🟡 中性,2026Q1,53.9,12,7,58.3,3/4,✗✔✔✔,3,433.9,1
TPR,🟡 中性,2026Q3,6.9,12,7,58.3,2/4,✗✗✔✔,2,11.1,3
HD,🟡 中性,2026Q1,9.4,12,7,58.3,3/4,✔✔✗✔,1,9.3,3
JCI,🔵 多數成長,2026Q2,1.4,12,9,75.0,2/4,✗✗✔✔,2,0.2,1
IQV,🟢 全期強勢,2026Q1,2.5,12,12,100.0,4/4,✔✔✔✔,13,19.0,3
RVTY,🔴 轉弱/衰退,2026Q1,2.3,12,2,16.7,2/4,✗✔✗✔,1,-14.3,2
ENTG,🟡 中性,2026Q1,0.3,12,7,58.3,2/4,✗✗✔✔,2,18.6,2
LDOS,🟢 全期強勢,2026Q1,7.0,12,11,91.7,4/4,✔✔✔✔,5,9.1,3
GD,🔵 多數成長,2026Q1,13.9,12,9,75.0,3/4,✔✔✗✔,1,4.7,3
RTX,🟢 全期強勢,2026Q1,5.2,12,10,83.3,3/4,✔✔✗✔,1,10.1,3
PKG,🔵 多數成長,2026Q1,8.2,12,8,66.7,3/4,✔✔✗✔,1,10.2,3
PANW,🟢 全期強勢,2026Q3,15.3,12,11,91.7,4/4,✔✔✔✔,11,27.3,3
CMI,🔵 多數成長,2026Q1,-2.7,12,9,75.0,3/4,✔✔✔✗,0,36.1,3
CIEN,🟡 中性,2026Q2,23.6,12,7,58.3,3/4,✗✔✔✔,3,23.9,3
IFF,🔴 轉弱/衰退,2026Q1,-1.9,12,4,33.3,1/4,✗✔✗✗,0,5.1,2
DTE,🟡 中性,2018Q1,26.1,12,6,50.0,2/4,✗✔✗✔,1,-0.2,2
DOC,🟢 全期強勢,2026Q1,7.3,12,12,100.0,4/4,✔✔✔✔,16,6.9,3
LHX,🔵 多數成長,2026Q1,-1.5,12,9,75.0,3/4,✔✔✔✗,0,4.4,3
XOM,🟡 中性,2026Q1,0.1,12,6,50.0,2/4,✔✗✗✔,1,12.3,1
AVY,🟡 中性,2026Q1,-0.1,12,7,58.3,2/4,✔✔✗✗,0,13.1,3
AIZ,🔵 多數成長,2026Q1,6.7,12,9,75.0,4/4,✔✔✔✔,5,6.3,3
BEN,🟡 中性,2026Q2,-1.9,12,6,50.0,2/4,✔✗✔✗,0,-1.3,2
POOL,🔴 轉弱/衰退,2026Q1,-4.4,12,4,33.3,0/4,✗✗✗✗,0,0.7,1
IR,🟢 全期強勢,2026Q1,2.8,12,12,100.0,4/4,✔✔✔✔,19,16.4,2
EME,🟢 全期強勢,2026Q1,12.7,12,11,91.7,3/4,✔✔✗✔,1,12.1,3
LOW,🔴 轉弱/衰退,2026Q1,-2.0,12,3,25.0,0/4,✗✗✗✗,0,1.4,3
EXPD,🟡 中性,2026Q1,20.8,12,7,58.3,3/4,✔✔✗✔,1,12.0,2
ZBRA,🟡 中性,2026Q1,11.3,12,6,50.0,3/4,✔✔✗✔,1,29.5,3
STLD,🔴 轉弱/衰退,2026Q1,-6.9,12,4,33.3,0/4,✗✗✗✗,0,9.7,1
OXY,🟡 中性,2026Q1,-13.6,12,5,41.7,1/4,✔✗✗✗,0,5.1,1
COHR,🔵 多數成長,2026Q3,23.9,12,9,75.0,3/4,✗✔✔✔,3,20.3,0
CTVA,🟡 中性,2026Q1,-1.7,12,6,50.0,2/4,✔✗✔✗,0,9.0,3
HAL,🔵 多數成長,2026Q1,-6.7,12,9,75.0,2/4,✔✗✔✗,0,14.0,2
TSCO,🟢 全期強勢,2026Q1,2.1,12,11,91.7,4/4,✔✔✔✔,9,4.7,3
AXON,🟢 全期強勢,2026Q1,31.3,12,12,100.0,4/4,✔✔✔✔,45,35.0,0
DAL,🟢 全期強勢,2026Q1,2.1,12,12,100.0,4/4,✔✔✔✔,13,52.2,1
FE,🟢 全期強勢,2026Q1,14.5,12,10,83.3,3/4,✔✔✗✔,1,7.3,3
BALL,🟡 中性,2026Q1,7.8,12,5,41.7,1/4,✗✗✗✔,1,5.8,3
NUE,🔴 轉弱/衰退,2026Q1,-3.8,12,4,33.3,0/4,✗✗✗✗,0,17.3,1
GPN,🟡 中性,2026Q1,-24.8,12,7,58.3,0/4,✗✗✗✗,0,-0.6,3
LH,🔵 多數成長,2026Q1,5.3,12,9,75.0,3/4,✔✔✗✔,1,10.7,2
MDLZ,🟢 全期強勢,2026Q1,0.2,12,10,83.3,3/4,✗✔✔✔,3,12.5,3
BDX,🔵 多數成長,2026Q2,-11.2,12,9,75.0,3/4,✔✔✔✗,0,25.7,3
CVNA,🔵 多數成長,2026Q1,38.3,12,8,66.7,4/4,✔✔✔✔,5,32.2,1
LMT,🔵 多數成長,2026Q1,4.5,12,9,75.0,3/4,✔✔✗✔,1,2.6,3
DLTR,🔵 多數成長,2026Q1,11.3,12,8,66.7,1/4,✗✗✗✔,1,-4.7,2
DASH,🟢 全期強勢,2026Q1,20.7,12,12,100.0,4/4,✔✔✔✔,13,34.9,0
DELL,🟡 中性,2027Q1,5.1,12,7,58.3,3/4,✔✔✗✔,1,-5.3,3
TXT,🟢 全期強勢,2026Q1,5.5,12,10,83.3,4/4,✔✔✔✔,5,5.9,3
CPB,🔵 多數成長,2026Q3,4.5,12,8,66.7,4/4,✔✔✔✔,5,6.3,3
UAL,🟢 全期強勢,2026Q1,5.4,12,12,100.0,4/4,✔✔✔✔,13,64.2,1
MELI,🟢 全期強勢,2026Q1,35.2,12,10,83.3,4/4,✔✔✔✔,5,40.6,0
UPS,🟡 中性,2026Q1,-0.7,12,5,41.7,1/4,✗✔✗✗,0,4.5,3
CARR,🟡 中性,2026Q1,-3.7,12,7,58.3,2/4,✗✔✔✗,0,14.4,3
CVX,🟡 中性,2026Q1,-1.0,12,5,41.7,1/4,✔✗✗✗,0,14.7,1
WY,🔴 轉弱/衰退,2026Q1,-1.8,12,2,16.7,0/4,✗✗✗✗,0,-0.7,2
ABBV,🔵 多數成長,2026Q1,8.4,12,8,66.7,3/4,✔✔✗✔,1,17.3,3
DD,🟡 中性,2026Q1,-45.0,12,6,50.0,1/4,✗✔✗✗,0,3.1,2
NCLH,🟢 全期強勢,2026Q1,-2.9,12,10,83.3,3/4,✔✔✔✗,0,3947.7,0
COO,🟢 全期強勢,2026Q2,6.3,12,12,100.0,4/4,✔✔✔✔,14,16.0,3
PRU,🟡 中性,2026Q1,-42.7,12,6,50.0,3/4,✔✔✔✗,0,6.9,1
DVA,🟢 全期強勢,2026Q1,5.0,12,11,91.7,4/4,✔✔✔✔,5,2.1,3
COF,🟢 全期強勢,2026Q1,7.1,12,11,91.7,3/4,✔✗✔✔,2,27.4,3
WYNN,🟡 中性,2026Q1,-8.7,12,7,58.3,3/4,✔✔✔✗,0,91.6,1
JBHT,🔴 轉弱/衰退,2026Q1,-0.8,12,3,25.0,0/4,✗✗✗✗,0,29.0,3
NWS,🔴 轉弱/衰退,2026Q3,0.8,12,4,33.3,2/4,✗✗✔✔,2,-4.3,3
NWSA,🔴 轉弱/衰退,2026Q3,0.8,12,4,33.3,2/4,✗✗✔✔,2,-4.3,3
LEN,🔵 多數成長,2026Q1,4.4,12,8,66.7,3/4,✔✔✗✔,1,5.5,2
MCHP,🔵 多數成長,2026Q4,97.3,12,8,66.7,1/4,✗✗✗✔,1,26.8,3
FDX,🔴 轉弱/衰退,2026Q3,1.9,12,4,33.3,1/4,✗✗✗✔,1,11.9,3
NKE,🔵 多數成長,2026Q3,-9.3,12,8,66.7,1/4,✔✗✗✗,0,11.3,3
HII,🔵 多數成長,2026Q1,-2.5,12,9,75.0,2/4,✔✗✔✗,0,7.2,3
CDW,🔴 轉弱/衰退,2026Q1,6.7,12,4,33.3,1/4,✗✗✗✔,1,12.5,3
MET,🔵 多數成長,2026Q1,5.9,12,9,75.0,3/4,✔✗✔✔,2,3.8,2
TKO,— 資料不足/新上市,2026Q1,3.8,5,5,100.0,4/4,✔✔✔✔,5,173.6,0
HPQ,🟡 中性,2026Q2,3.3,12,6,50.0,3/4,✔✗✔✔,2,1.9,3
GNRC,🟡 中性,2026Q1,5.9,12,7,58.3,2/4,✗✔✗✔,1,5.0,1
VTR,🟢 全期強勢,2026Q1,13.2,12,11,91.7,4/4,✔✔✔✔,9,6.1,3
CASY,🔵 多數成長,2026Q3,17.3,12,9,75.0,3/4,✔✔✗✔,1,33.5,1
HPE,🟢 全期強勢,2026Q2,5.9,12,10,83.3,4/4,✔✔✔✔,5,4.5,3
TSLA,🟢 全期強勢,2026Q1,-9.2,12,10,83.3,3/4,✔✔✔✗,0,38.3,1
SBUX,🔵 多數成長,2026Q2,2.3,12,9,75.0,2/4,✗✔✗✔,1,18.1,3
HRL,🟡 中性,2026Q2,0.4,12,5,41.7,1/4,✗✗✗✔,1,6.6,3
IRM,🟢 全期強勢,2026Q1,7.8,12,11,91.7,3/4,✔✔✗✔,1,64.6,2
SMCI,🟢 全期強勢,2026Q3,19.5,12,11,91.7,4/4,✔✔✔✔,6,69.0,0
CHRW,🟡 中性,2026Q1,-8.3,12,5,41.7,2/4,✔✔✗✗,0,10.3,2
DDOG,🟢 全期強勢,2026Q1,24.6,12,12,100.0,4/4,✔✔✔✔,18,42.8,1
PWR,🟢 全期強勢,2026Q1,23.9,12,11,91.7,4/4,✔✔✔✔,11,24.0,2
DG,🟢 全期強勢,2026Q1,5.3,12,10,83.3,3/4,✔✔✗✔,1,5.4,3
MPC,🟡 中性,2026Q1,-3.6,12,5,41.7,1/4,✔✗✗✗,0,14.2,1
VLO,🔴 轉弱/衰退,2026Q1,-4.7,12,4,33.3,0/4,✗✗✗✗,0,16.0,1
XYZ,🔵 多數成長,2026Q1,-3.1,12,8,66.7,3/4,✔✔✔✗,0,17.0,2
APO,🟡 中性,2026Q1,-21.2,8,4,50.0,2/4,✔✗✔✗,0,223.5,0
TGT,🟡 中性,2026Q1,-2.8,12,7,58.3,2/4,✔✔✗✗,0,1.6,2
WMT,🟢 全期強勢,2027Q1,2.5,12,11,91.7,4/4,✔✔✔✔,9,5.1,3
J,🟡 中性,2026Q2,2.2,12,7,58.3,2/4,✗✗✔✔,2,-3.2,1
CBRE,🟢 全期強勢,2026Q1,12.2,12,10,83.3,3/4,✔✔✗✔,1,11.1,3
AMCR,🔴 轉弱/衰退,2026Q3,-2.3,12,4,33.3,1/4,✔✗✗✗,0,3.5,3
PSX,🟡 中性,2026Q1,-15.0,12,6,50.0,1/4,✔✗✗✗,0,15.9,1
COST,🟢 全期強勢,2026Q3,8.0,12,12,100.0,4/4,✔✔✔✔,15,12.1,3
HSIC,🔵 多數成長,2026Q1,-0.1,12,8,66.7,2/4,✔✔✗✗,0,16.3,3
LUV,🟢 全期強勢,2026Q1,1.6,12,12,100.0,4/4,✔✔✔✔,13,38.8,1
BBY,🔴 轉弱/衰退,2027Q1,-0.9,12,1,8.3,0/4,✗✗✗✗,0,-1.4,3
UNH,🟢 全期強勢,2026Q1,9.8,12,12,100.0,4/4,✔✔✔✔,13,13.7,3
ELV,🟢 全期強勢,2026Q1,14.8,12,12,100.0,4/4,✔✔✔✔,17,13.2,3
JBL,🟡 中性,2026Q2,-0.6,12,6,50.0,1/4,✗✔✗✗,0,7.2,3
BA,🟡 中性,2026Q1,17.7,12,7,58.3,2/4,✗✗✔✔,2,18.1,3
SWK,🔴 轉弱/衰退,2026Q1,-3.2,12,4,33.3,0/4,✗✗✗✗,0,12.2,3
CI,🟢 全期強勢,2026Q1,14.4,12,10,83.3,3/4,✔✔✗✔,1,6.1,3
SYY,🟢 全期強勢,2026Q3,1.1,12,12,100.0,4/4,✔✔✔✔,14,16.2,1
BLDR,🟡 中性,2026Q1,-6.0,12,5,41.7,0/4,✗✗✗✗,0,37.6,2
FANG,🔵 多數成長,2026Q1,81.8,12,8,66.7,3/4,✔✔✗✔,1,31.9,1
APTV,🔵 多數成長,2025Q4,125.8,12,9,75.0,2/4,✔✗✗✔,1,22.4,3
GM,🟢 全期強勢,2026Q1,1.7,12,11,91.7,4/4,✔✔✔✔,9,22.0,3
ADM,🟡 中性,2026Q1,3.4,12,7,58.3,1/4,✗✗✗✔,1,-7.8,0
SW,— 資料不足/新上市,2026Q1,161.3,2,2,100.0,2/2,✔✔,2,162.2,0
MCK,🟢 全期強勢,2026Q4,-7.7,12,10,83.3,3/4,✔✔✔✗,0,8.9,3
MGM,🟢 全期強勢,2026Q1,-2.4,12,11,91.7,3/4,✔✔✔✗,0,43.9,1
BG,— 資料不足/新上市,2026Q1,-7.1,5,0,0.0,0/4,✗✗✗✗,0,-13.4,1
HUM,🟢 全期強勢,2026Q1,8.4,12,11,91.7,4/4,✔✔✔✔,9,10.8,3
TSN,🔵 多數成長,2026Q2,0.0,12,8,66.7,3/4,✔✗✔✔,2,6.2,3
COR,🟢 全期強勢,2026Q2,10.3,12,12,100.0,4/4,✔✔✔✔,14,10.8,3
CSGP,🟢 全期強勢,2026Q1,11.5,12,12,100.0,4/4,✔✔✔✔,25,15.5,3
NRG,🟡 中性,2026Q1,15.0,12,6,50.0,2/4,✔✗✗✔,1,21.6,2
CVS,🟢 全期強勢,2026Q1,7.0,12,12,100.0,4/4,✔✔✔✔,13,10.3,3
KR,🔵 多數成長,2025Q3,-1.0,12,9,75.0,1/4,✗✗✔✗,0,3.3,0
CAH,🔵 多數成長,2026Q2,-3.8,12,9,75.0,2/4,✔✔✗✗,0,7.8,3
MOS,🔴 轉弱/衰退,2026Q1,-2.2,12,4,33.3,0/4,✗✗✗✗,0,6.8,1
OMC,🔵 多數成長,2026Q1,1.6,12,9,75.0,3/4,✔✔✗✔,1,4.6,3
GPC,🟢 全期強勢,2026Q1,1.4,12,11,91.7,4/4,✔✔✔✔,9,13.9,3
CAG,🔴 轉弱/衰退,2026Q3,-6.3,12,4,33.3,1/4,✔✗✗✗,0,2.8,3
CRWD},— 查無CIK(非SEC財報/ETF/ADR),,,,,,,,,,
SNY,— 資料不足/新上市,,,,,,,,,,,,,,,
NTES,— 資料不足/新上市,,,,,,,,,,,,,,,
NBIS,— 資料不足/新上市,,,,,,,,,,,,,,,
ARGX,— 資料不足/新上市,,,,,,,,,,,,,,,
FLEX,🟡 中性,2026Q4,-15.2,40,45.0,18/40,40.0,8/20,41.7,5/12,25.0,1/4,✗✗✔✗,0,7.3,10
CBRS,— 資料不足/新上市,,,,,,,,,,,,,,,
ERIC,— 資料不足/新上市,,,,,,,,,,,,,,,
ESLT,— 資料不足/新上市,,,,,,,,,,,,,,,
JD,— 資料不足/新上市,,,,,,,,,,,,,,,
TSEM,🔵 多數成長,2023Q2,17.7,11,72.7,8/11,72.7,8/11,72.7,8/11,75.0,3/4,✗✔✔✔,3,13.6,0
ONC,🟢 全期強勢,2026Q1,48.6,27,63.0,17/27,75.0,15/20,91.7,11/12,100.0,4/4,✔✔✔✔,9,838.6,0
RYAAY,— 資料不足/新上市,,,,,,,,,,,,,,,
RPRX,🟡 中性,2026Q1,0.0,19,63.2,12/19,63.2,12/19,50.0,6/12,75.0,3/4,✗✔✔✔,3,9.6,4
TCOM,— 資料不足/新上市,,,,,,,,,,,,,,,
FTAI,🟢 全期強勢,2026Q1,53.7,30,80.0,24/30,75.0,15/20,91.7,11/12,100.0,4/4,✔✔✔✔,10,52.3,1
MKSI,🔵 多數成長,2026Q1,7.8,40,75.0,30/40,80.0,16/20,75.0,9/12,50.0,2/4,✗✗✔✔,2,5961.3,6
STRL,🟢 全期強勢,2026Q1,-2.1,40,80.0,32/40,95.0,19/20,91.7,11/12,75.0,3/4,✔✔✔✗,0,26.0,6
WWD,🟢 全期強勢,2026Q2,5.8,40,67.5,27/40,65.0,13/20,83.3,10/12,75.0,3/4,✔✔✗✔,1,17.1,9
ZM,🟢 全期強勢,2027Q1,2.9,21,100.0,21/21,100.0,20/20,100.0,12/12,100.0,4/4,✔✔✔✔,21,72.7,2
AFRM,🟢 全期強勢,2026Q3,39.8,14,92.9,13/14,92.9,13/14,100.0,12/12,100.0,4/4,✔✔✔✔,13,25.3,0
LPLA,🟢 全期強勢,2026Q1,29.6,40,75.0,30/40,85.0,17/20,83.3,10/12,75.0,3/4,✔✔✗✔,1,13.0,9
TW,🟢 全期強勢,2026Q1,24.7,22,86.4,19/22,90.0,18/20,100.0,12/12,100.0,4/4,✔✔✔✔,12,16.4,4
SOFI,🟢 全期強勢,2026Q1,21.4,13,92.3,12/13,92.3,12/13,91.7,11/12,75.0,3/4,✔✔✗✔,1,41.5,1
UTHR,🟢 全期強勢,2026Q1,17.2,40,70.0,28/40,70.0,14/20,83.3,10/12,75.0,3/4,✔✔✗✔,1,8.0,10
FWONA,🔴 轉弱/衰退,2026Q1,-23.9,40,72.5,29/40,50.0,10/20,33.3,4/12,0.0,0/4,✗✗✗✗,0,38.4,4
FWONK,🔴 轉弱/衰退,2026Q1,-23.9,40,72.5,29/40,50.0,10/20,33.3,4/12,0.0,0/4,✗✗✗✗,0,38.4,4
TTMI,🔵 多數成長,2026Q1,13.8,24,54.2,13/24,60.0,12/20,66.7,8/12,75.0,3/4,✔✔✗✔,1,9.2,4
AMKR,🟡 中性,2026Q1,-3.2,40,67.5,27/40,65.0,13/20,50.0,6/12,50.0,2/4,✔✔✗✗,0,13.4,9
IREN,— 資料不足/新上市,,,,,,,,,,,,,,,
LSCC,🟡 中性,2026Q1,-14.7,40,57.5,23/40,60.0,12/20,58.3,7/12,25.0,1/4,✗✗✔✗,0,10.8,7
ROKU,🟢 全期強勢,2026Q1,15.8,26,92.3,24/26,95.0,19/20,91.7,11/12,75.0,3/4,✔✔✗✔,1,32.6,3
OKTA,🟢 全期強勢,2027Q1,11.5,21,100.0,21/21,100.0,20/20,100.0,12/12,100.0,4/4,✔✔✔✔,21,39.6,1
NXT,🟢 全期強勢,2026Q4,235.0,7,85.7,6/7,85.7,6/7,85.7,6/7,75.0,3/4,✔✔✗✔,1,53.1,1
RGLD,🟡 中性,2026Q1,29.9,23,56.5,13/23,65.0,13/20,50.0,6/12,75.0,3/4,✔✔✗✔,1,5.0,4
EWBC,🟡 中性,2020Q3,9.5,7,42.9,3/7,42.9,3/7,42.9,3/7,50.0,2/4,✔✗✗✔,1,3.0,1
TPG,🟢 全期強勢,2026Q1,6.1,12,91.7,11/12,91.7,11/12,91.7,11/12,100.0,4/4,✔✔✔✔,8,37.2,2
KSPI,— 資料不足/新上市,,,,,,,,,,,,,,,
NBIX,🟢 全期強勢,2026Q1,11.1,35,62.9,22/35,90.0,18/20,100.0,12/12,100.0,4/4,✔✔✔✔,12,52.0,1
SSNC,🟢 全期強勢,2026Q1,5.5,40,90.0,36/40,85.0,17/20,91.7,11/12,75.0,3/4,✔✔✗✔,1,20.4,5
LOGI,🔴 轉弱/衰退,2026Q4,-39.8,40,62.5,25/40,55.0,11/20,33.3,4/12,75.0,3/4,✔✔✔✗,0,9.0,9
LAMR,🟢 全期強勢,2026Q1,1.5,29,79.3,23/29,80.0,16/20,100.0,12/12,100.0,4/4,✔✔✔✔,13,7.4,7
VICR,🔵 多數成長,2026Q1,12.0,40,62.5,25/40,70.0,14/20,75.0,9/12,50.0,2/4,✗✗✔✔,2,7.6,9
LECO,🔵 多數成長,2026Q1,2.4,40,57.5,23/40,70.0,14/20,75.0,9/12,50.0,2/4,✗✗✔✔,2,9.4,10
GMAB,— 資料不足/新上市,,,,,,,,,,,,,,,
WMG,🟡 中性,2026Q2,-0.7,40,75.0,30/40,65.0,13/20,58.3,7/12,0.0,0/4,✗✗✗✗,0,9.7,10
GRAB,— 資料不足/新上市,,,,,,,,,,,,,,,
ASND,— 資料不足/新上市,,,,,,,,,,,,,,,
IESC,🟢 全期強勢,2026Q2,18.2,40,90.0,36/40,90.0,18/20,91.7,11/12,100.0,4/4,✔✔✔✔,11,19.4,8
AEIS,🟡 中性,2026Q1,23.5,40,62.5,25/40,60.0,12/20,41.7,5/12,25.0,1/4,✗✗✗✔,1,28.8,4
TIGO,— 資料不足/新上市,,,,,,,,,,,,,,,
JAZZ,🟢 全期強勢,2026Q1,-0.5,40,92.5,37/40,90.0,18/20,91.7,11/12,75.0,3/4,✔✔✔✗,0,18.2,9
FUTU,— 資料不足/新上市,,,,,,,,,,,,,,,
MEDP,🟢 全期強勢,2026Q1,9.3,30,83.3,25/30,85.0,17/20,83.3,10/12,100.0,4/4,✔✔✔✔,7,22.7,4
DKNG,🟢 全期強勢,2026Q1,19.9,10,100.0,10/10,100.0,10/10,100.0,10/10,100.0,4/4,✔✔✔✔,10,59.3,0
WSE,— 資料不足/新上市,,,,,,,,,,,,,,,
EXEL,🟢 全期強勢,2026Q1,30.6,40,82.5,33/40,90.0,18/20,91.7,11/12,75.0,3/4,✔✔✗✔,1,59.3,3
BTSG,— 資料不足/新上市,2026Q1,25.9,4,100.0,4/4,100.0,4/4,100.0,4/4,100.0,4/4,✔✔✔✔,4,16.6,0
HTHT,— 資料不足/新上市,,,,,,,,,,,,,,,
SANM,🟡 中性,2026Q2,8.1,40,62.5,25/40,60.0,12/20,58.3,7/12,75.0,3/4,✗✔✔✔,3,12.7,10
CHKP,— 資料不足/新上市,,,,,,,,,,,,,,,
NTNX,🟢 全期強勢,2026Q3,21.8,27,88.9,24/27,85.0,17/20,91.7,11/12,100.0,4/4,✔✔✔✔,10,25.5,3
GLPI,🟢 全期強勢,2026Q1,5.1,37,75.7,28/37,60.0,12/20,83.3,10/12,75.0,3/4,✔✔✗✔,1,115.3,3
DRS,🟡 中性,2026Q1,16.1,17,58.8,10/17,58.8,10/17,58.3,7/12,75.0,3/4,✔✔✗✔,1,3.1,4
COKE,🟢 全期強勢,2026Q1,-0.7,40,90.0,36/40,85.0,17/20,91.7,11/12,75.0,3/4,✔✔✔✗,0,13.6,7
ENLT,— 資料不足/新上市,,,,,,,,,,,,,,,
TXRH,🟢 全期強勢,2026Q1,9.6,40,82.5,33/40,85.0,17/20,100.0,12/12,100.0,4/4,✔✔✔✔,16,18.0,9
FORM,🟡 中性,2026Q1,1.6,40,67.5,27/40,70.0,14/20,58.3,7/12,75.0,3/4,✔✔✗✔,1,11.8,8
SAIA,🔵 多數成長,2026Q1,4.3,29,79.3,23/29,75.0,15/20,75.0,9/12,75.0,3/4,✔✔✗✔,1,22.1,7
AAON,🟢 全期強勢,2026Q1,22.9,26,84.6,22/26,85.0,17/20,91.7,11/12,75.0,3/4,✗✔✔✔,3,18.0,4
ICLR,🟢 全期強勢,2025Q4,11.3,40,90.0,36/40,85.0,17/20,91.7,11/12,75.0,3/4,✔✔✗✔,1,23.4,7
SNEX,🟡 中性,2026Q2,61.1,40,52.5,21/40,60.0,12/20,50.0,6/12,50.0,2/4,✗✗✔✔,2,2068602.8,3
CGNX,🟡 中性,2026Q1,2.5,40,60.0,24/40,55.0,11/20,50.0,6/12,50.0,2/4,✗✔✗✔,1,9.4,6
POWL,🟢 全期強勢,2026Q2,9.2,27,70.4,19/27,65.0,13/20,83.3,10/12,100.0,4/4,✔✔✔✔,5,15.6,5
SIMO,— 資料不足/新上市,,,,,,,,,,,,,,,
SEIC,🔵 多數成長,2026Q1,7.8,40,80.0,32/40,75.0,15/20,75.0,9/12,75.0,3/4,✔✔✗✔,1,7.1,10
FIVE,🟢 全期強勢,2026Q1,19.5,40,95.0,38/40,90.0,18/20,91.7,11/12,100.0,4/4,✔✔✔✔,5,28.6,7
AAL,🟢 全期強勢,2026Q1,-0.2,36,63.9,23/36,75.0,15/20,91.7,11/12,75.0,3/4,✔✔✔✗,0,18.2,5
BMRN,🟢 全期強勢,2026Q1,14.8,40,87.5,35/40,80.0,16/20,83.3,10/12,75.0,3/4,✔✔✗✔,1,17.1,9
CART,🟢 全期強勢,2026Q1,9.4,6,100.0,6/6,100.0,6/6,100.0,6/6,100.0,4/4,✔✔✔✔,6,22.3,1
WTFC,🟢 全期強勢,2024Q3,14.3,40,87.5,35/40,90.0,18/20,91.7,11/12,100.0,4/4,✔✔✔✔,6,64.5,3
BPOP,— 資料不足/新上市,2026Q1,4.3,1,100.0,1/1,100.0,1/1,100.0,1/1,100.0,1/1,✔,1,4.3,0
KRYS,— 資料不足/新上市,2026Q1,94.9,2,100.0,2/2,100.0,2/2,100.0,2/2,100.0,2/2,✔✔,2,487.4,0
KTOS,🟢 全期強勢,2026Q1,9.2,40,65.0,26/40,80.0,16/20,91.7,11/12,100.0,4/4,✔✔✔✔,5,5.7,10
UMBF,— 資料不足/新上市,,,,,,,,,,,,,,,
FCFS,🟢 全期強勢,2026Q1,1.2,40,72.5,29/40,75.0,15/20,91.7,11/12,100.0,4/4,✔✔✔✔,9,9.9,9
SFD,— 資料不足/新上市,2026Q1,9.5,5,60.0,3/5,60.0,3/5,60.0,3/5,50.0,2/4,✔✗✗✔,1,0.1,0
ONB,🔵 多數成長,2021Q4,44.1,12,66.7,8/12,66.7,8/12,66.7,8/12,25.0,1/4,✗✗✗✔,1,0.5,3
CAMT,— 資料不足/新上市,2021Q2,7.7,3,66.7,2/3,66.7,2/3,66.7,2/3,66.7,2/3,✗✔✔,2,0.0,0
ENSG,🟢 全期強勢,2026Q1,15.5,27,70.4,19/27,85.0,17/20,83.3,10/12,100.0,4/4,✔✔✔✔,5,14.9,5
BSY,🟢 全期強勢,2026Q1,9.7,16,100.0,16/16,100.0,16/16,100.0,12/12,100.0,4/4,✔✔✔✔,16,16.9,3
COLB,— 資料不足/新上市,,,,,,,,,,,,,,,
FRHC,🟢 全期強勢,2026Q3,58.7,27,74.1,20/27,85.0,17/20,83.3,10/12,100.0,4/4,✔✔✔✔,7,153.6,3
CORT,🟢 全期強勢,2026Q1,7.1,25,88.0,22/25,85.0,17/20,83.3,10/12,100.0,4/4,✔✔✔✔,4,22.9,4
CRUS,🔵 多數成長,2026Q4,-34.0,40,62.5,25/40,70.0,14/20,66.7,8/12,50.0,2/4,✔✔✗✗,0,13.5,6
DOCU,🟢 全期強勢,2027Q1,7.6,24,100.0,24/24,100.0,20/20,100.0,12/12,100.0,4/4,✔✔✔✔,24,31.1,2
PAYP,— 資料不足/新上市,,,,,,,,,,,,,,,
MTCH,🟢 全期強勢,2026Q1,-3.3,40,72.5,29/40,80.0,16/20,83.3,10/12,75.0,3/4,✔✔✔✗,0,9.0,8
TGTX,🔵 多數成長,2026Q1,90.4,23,43.5,10/23,50.0,10/20,75.0,9/12,75.0,3/4,✔✔✗✔,1,8325.9,2
HALO,🟢 全期強勢,2026Q1,35.2,40,85.0,34/40,95.0,19/20,100.0,12/12,100.0,4/4,✔✔✔✔,17,56.1,3
PLXS,🟡 中性,2026Q2,1.4,40,45.0,18/40,45.0,9/20,50.0,6/12,25.0,1/4,✗✗✗✔,1,-1.0,9
CBSH,— 資料不足/新上市,,,,,,,,,,,,,,,
XP,— 資料不足/新上市,,,,,,,,,,,,,,,
CELH,🟢 全期強勢,2026Q1,-7.4,25,88.0,22/25,90.0,18/20,83.3,10/12,50.0,2/4,✔✔✗✗,0,71.3,3
MANH,🟢 全期強勢,2026Q1,3.2,40,75.0,30/40,80.0,16/20,91.7,11/12,100.0,4/4,✔✔✔✔,5,10.6,9
ACMR,🟢 全期強勢,2026Q1,13.2,24,91.7,22/24,95.0,19/20,91.7,11/12,100.0,4/4,✔✔✔✔,9,65.1,1
SFM,🔵 多數成長,2026Q1,18.7,27,74.1,20/27,65.0,13/20,75.0,9/12,75.0,3/4,✔✔✗✔,1,10.0,6
RGEN,🟡 中性,2026Q1,10.4,40,75.0,30/40,70.0,14/20,50.0,6/12,50.0,2/4,✗✔✗✔,1,46.2,5
Z,🟡 中性,2026Q1,13.0,31,74.2,23/31,60.0,12/20,50.0,6/12,75.0,3/4,✔✔✗✔,1,24.2,2
ZG,🟡 中性,2026Q1,13.0,31,74.2,23/31,60.0,12/20,50.0,6/12,75.0,3/4,✔✔✗✔,1,24.2,2
BILI,— 資料不足/新上市,,,,,,,,,,,,,,,
MYRG,🔵 多數成長,2026Q1,2.2,26,76.9,20/26,80.0,16/20,75.0,9/12,50.0,2/4,✗✗✔✔,2,18.5,4
HQY,🔵 多數成長,2027Q1,15.0,36,88.9,32/36,80.0,16/20,75.0,9/12,75.0,3/4,✔✔✗✔,1,29.1,3
TTEK,🟢 全期強勢,2026Q2,5.6,27,77.8,21/27,75.0,15/20,83.3,10/12,100.0,4/4,✔✔✔✔,6,13.7,6
ROAD,🟢 全期強勢,2026Q2,53.9,26,84.6,22/26,85.0,17/20,100.0,12/12,100.0,4/4,✔✔✔✔,12,17.5,4
ENPH,🔵 多數成長,2026Q1,35.2,40,67.5,27/40,70.0,14/20,66.7,8/12,50.0,2/4,✗✗✔✔,2,32.2,3
CBC,— 資料不足/新上市,,,,,,,,,,,,,,,
LNTH,🟢 全期強勢,2026Q1,0.8,36,72.2,26/36,85.0,17/20,91.7,11/12,100.0,4/4,✔✔✔✔,10,18.0,6
URBN,🔵 多數成長,2026Q1,10.7,40,82.5,33/40,75.0,15/20,75.0,9/12,100.0,4/4,✔✔✔✔,9,9.2,8
PPC,🔵 多數成長,2026Q1,2.3,40,60.0,24/40,65.0,13/20,66.7,8/12,75.0,3/4,✔✔✗✔,1,11.6,10
GTX,🟡 中性,2026Q1,-4.0,26,46.2,12/26,55.0,11/20,50.0,6/12,25.0,1/4,✗✗✔✗,0,15.4,6
SSRM,🔴 轉弱/衰退,2026Q1,37.5,10,20.0,2/10,20.0,2/10,20.0,2/10,25.0,1/4,✗✗✗✔,1,-1.4,0
RRR,🟡 中性,2026Q1,1.8,33,63.6,21/33,50.0,10/20,58.3,7/12,75.0,3/4,✔✔✗✔,1,18.3,6
BZ,— 資料不足/新上市,,,,,,,,,,,,,,,
FSV,— 資料不足/新上市,,,,,,,,,,,,,,,
LQDA,🔵 多數成長,2026Q1,5.0,14,71.4,10/14,71.4,10/14,66.7,8/12,75.0,3/4,✗✔✔✔,3,35.1,4
GDS,— 資料不足/新上市,,,,,,,,,,,,,,,
GRFS,— 資料不足/新上市,,,,,,,,,,,,,,,
CHDN,🟢 全期強勢,2026Q1,8.8,20,85.0,17/20,85.0,17/20,91.7,11/12,100.0,4/4,✔✔✔✔,7,24.1,0
VSEC,🟡 中性,2026Q1,57.7,40,55.0,22/40,45.0,9/20,41.7,5/12,25.0,1/4,✗✗✗✔,1,10.4,8
UBSI,— 資料不足/新上市,,,,,,,,,,,,,,,
CACC,🟡 中性,2026Q1,12.4,40,82.5,33/40,75.0,15/20,58.3,7/12,75.0,3/4,✔✔✗✔,1,11.7,10
ACT,🔵 多數成長,2026Q1,5.2,14,64.3,9/14,64.3,9/14,75.0,9/12,100.0,4/4,✔✔✔✔,5,1.7,3
DUOL,🟢 全期強勢,2026Q1,37.7,12,100.0,12/12,100.0,12/12,100.0,12/12,100.0,4/4,✔✔✔✔,12,44.0,0
MORN,🟢 全期強勢,2026Q1,7.2,40,87.5,35/40,85.0,17/20,91.7,11/12,75.0,3/4,✔✔✗✔,1,12.5,10
BGC,🔵 多數成長,2026Q1,17.8,40,65.0,26/40,60.0,12/20,75.0,9/12,100.0,4/4,✔✔✔✔,5,2.5,6
DSGX,— 資料不足/新上市,2026Q2,14.0,3,100.0,3/3,100.0,3/3,100.0,3/3,100.0,3/3,✔✔✔,3,16.1,0
CECO,🟢 全期強勢,2025Q4,202.0,40,65.0,26/40,60.0,12/20,83.3,10/12,75.0,3/4,✔✔✗✔,1,22.0,6
PECO,🟡 中性,2026Q1,8.5,40,70.0,28/40,45.0,9/20,41.7,5/12,50.0,2/4,✗✔✗✔,1,42.6,4
PSMT,🟢 全期強勢,2026Q2,5.6,40,80.0,32/40,85.0,17/20,91.7,11/12,75.0,3/4,✔✗✔✔,2,-3.4,9
OZK,— 資料不足/新上市,,,,,,,,,,,,,,,
GLBE,— 資料不足/新上市,,,,,,,,,,,,,,,
CWST,🟢 全期強勢,2026Q1,22.3,40,80.0,32/40,85.0,17/20,83.3,10/12,75.0,3/4,✔✔✗✔,1,13.8,10
NOVT,🔵 多數成長,2026Q1,1.1,40,72.5,29/40,70.0,14/20,75.0,9/12,75.0,3/4,✔✔✗✔,1,17.5,8
SIGI,🟢 全期強勢,2026Q1,10.3,40,85.0,34/40,85.0,17/20,91.7,11/12,100.0,4/4,✔✔✔✔,5,10.2,10
GNTX,🔵 多數成長,2026Q1,-2.3,29,58.6,17/29,55.0,11/20,66.7,8/12,50.0,2/4,✗✔✔✗,0,9.9,7
LGND,🟡 中性,2026Q1,46.3,40,67.5,27/40,45.0,9/20,41.7,5/12,75.0,3/4,✗✔✔✔,3,33.7,3
SEZL,🔵 多數成長,2026Q1,90.8,13,76.9,10/13,76.9,10/13,75.0,9/12,100.0,4/4,✔✔✔✔,5,52.0,1
DIOD,🟡 中性,2026Q1,10.0,40,65.0,26/40,55.0,11/20,50.0,6/12,50.0,2/4,✗✗✔✔,2,11.2,8
OMAB,— 資料不足/新上市,,,,,,,,,,,,,,,
VCTR,🟡 中性,2026Q1,1.7,25,68.0,17/25,70.0,14/20,58.3,7/12,75.0,3/4,✔✔✗✔,1,17.2,3
LYFT,🟢 全期強勢,2026Q1,19.9,22,81.8,18/22,80.0,16/20,100.0,12/12,100.0,4/4,✔✔✔✔,12,32.8,3
PCTY,🟢 全期強勢,2026Q3,14.8,37,86.5,32/37,95.0,19/20,100.0,12/12,100.0,4/4,✔✔✔✔,16,28.3,3
CVLT,🔵 多數成長,2026Q4,-29.6,40,75.0,30/40,80.0,16/20,75.0,9/12,75.0,3/4,✔✔✔✗,0,4.3,10
APPF,🟢 全期強勢,2026Q1,16.2,31,100.0,31/31,100.0,20/20,100.0,12/12,100.0,4/4,✔✔✔✔,31,35.8,1
BCPC,🔵 多數成長,2026Q1,4.5,40,67.5,27/40,70.0,14/20,66.7,8/12,75.0,3/4,✔✔✗✔,1,9.6,9
AUGO,— 資料不足/新上市,,,,,,,,,,,,,,,
CAI,— 資料不足/新上市,,,,,,,,,,,,,,,
AMRX,🟢 全期強勢,2026Q1,5.5,26,76.9,20/26,80.0,16/20,83.3,10/12,75.0,3/4,✔✔✗✔,1,18.2,5
CENX,🔵 多數成長,2026Q1,29.5,40,57.5,23/40,55.0,11/20,66.7,8/12,25.0,1/4,✗✗✗✔,1,18.3,5
LAUR,🔵 多數成長,2026Q1,-14.2,31,48.4,15/31,65.0,13/20,75.0,9/12,75.0,3/4,✔✔✔✗,0,-3.4,6
GLNG,— 資料不足/新上市,,,,,,,,,,,,,,,
REYN,🟡 中性,2026Q1,-1.8,21,71.4,15/21,70.0,14/20,58.3,7/12,25.0,1/4,✗✗✔✗,0,5.2,5
PEGA,🔵 多數成長,2026Q1,44.1,40,77.5,31/40,75.0,15/20,75.0,9/12,75.0,3/4,✔✗✔✔,2,14.8,10
FTDR,🟢 全期強勢,2026Q1,12.7,26,92.3,24/26,90.0,18/20,91.7,11/12,100.0,4/4,✔✔✔✔,5,8.3,6
IPGP,🔴 轉弱/衰退,2026Q1,-9.6,40,55.0,22/40,40.0,8/20,33.3,4/12,25.0,1/4,✗✗✔✗,0,13.3,9
NICE,— 資料不足/新上市,,,,,,,,,,,,,,,
POWI,🔴 轉弱/衰退,2026Q1,15.1,40,57.5,23/40,55.0,11/20,33.3,4/12,25.0,1/4,✗✗✗✔,1,6.3,9
COCO,🟢 全期強勢,2026Q1,17.2,13,84.6,11/13,84.6,11/13,83.3,10/12,75.0,3/4,✔✗✔✔,2,22.9,2
ONDS,🟡 中性,2026Q1,579.7,25,60.0,15/25,55.0,11/20,50.0,6/12,25.0,1/4,✗✗✗✔,1,300.6,4
IRDM,🟢 全期強勢,2026Q1,5.4,40,77.5,31/40,85.0,17/20,83.3,10/12,100.0,4/4,✔✔✔✔,4,1965.9,9
FFIN,— 資料不足/新上市,,,,,,,,,,,,,,,
SRAD,— 資料不足/新上市,,,,,,,,,,,,,,,
INDV,— 資料不足/新上市,2026Q1,-6.3,1,0.0,0/1,0.0,0/1,0.0,0/1,0.0,0/1,✗,0,-6.3,0
CIGI,— 資料不足/新上市,,,,,,,,,,,,,,,
MRX,— 資料不足/新上市,,,,,,,,,,,,,,,
OLLI,🟢 全期強勢,2026Q1,13.4,27,85.2,23/27,80.0,16/20,91.7,11/12,100.0,4/4,✔✔✔✔,10,27.1,5
CVCO,🔵 多數成長,2026Q4,-62.5,40,82.5,33/40,70.0,14/20,66.7,8/12,75.0,3/4,✔✔✔✗,0,15.2,6
TFSL,— 資料不足/新上市,,,,,,,,,,,,,,,
FELE,🟡 中性,2026Q1,-1.2,40,65.0,26/40,65.0,13/20,58.3,7/12,25.0,1/4,✗✗✔✗,0,19.1,9
ATAT,— 資料不足/新上市,,,,,,,,,,,,,,,
IBOC,— 資料不足/新上市,,,,,,,,,,,,,,,
SBRA,🟢 全期強勢,2026Q1,17.3,40,77.5,31/40,85.0,17/20,83.3,10/12,100.0,4/4,✔✔✔✔,5,24.7,5
HLNE,🔵 多數成長,2026Q4,-74.4,26,76.9,20/26,70.0,14/20,66.7,8/12,75.0,3/4,✔✔✔✗,0,28.6,5
ALHC,🟢 全期強勢,2026Q1,47.5,14,100.0,14/14,100.0,14/14,100.0,12/12,100.0,4/4,✔✔✔✔,14,29.7,1
SHC,🔵 多數成長,2026Q1,2.6,17,76.5,13/17,76.5,13/17,75.0,9/12,75.0,3/4,✔✔✗✔,1,8.7,4
ACIW,🔵 多數成長,2026Q1,24.9,40,62.5,25/40,70.0,14/20,66.7,8/12,75.0,3/4,✔✔✗✔,1,9.5,10
RELY,🟢 全期強勢,2026Q1,34.4,11,100.0,11/11,100.0,11/11,100.0,11/11,100.0,4/4,✔✔✔✔,11,43.4,0
MMYT,— 資料不足/新上市,,,,,,,,,,,,,,,
WING,🟢 全期強勢,2026Q1,17.4,34,94.1,32/34,90.0,18/20,83.3,10/12,100.0,4/4,✔✔✔✔,4,27.1,4
FULT,🔵 多數成長,2026Q1,17.7,21,71.4,15/21,70.0,14/20,66.7,8/12,100.0,4/4,✔✔✔✔,5,9.0,3
DOO,— 資料不足/新上市,,,,,,,,,,,,,,,
SLM,— 資料不足/新上市,,,,,,,,,,,,,,,
TCBI,— 資料不足/新上市,,,,,,,,,,,,,,,
LIVN,🔵 多數成長,2026Q1,7.4,31,61.3,19/31,60.0,12/20,75.0,9/12,100.0,4/4,✔✔✔✔,5,34.3,5
NWE,🟡 中性,2026Q1,-1.8,6,50.0,3/6,50.0,3/6,50.0,3/6,50.0,2/4,✔✔✗✗,0,-2.6,1
VCYT,🟢 全期強勢,2026Q1,18.2,35,91.4,32/35,90.0,18/20,100.0,12/12,100.0,4/4,✔✔✔✔,13,33.6,2
MKTX,🔵 多數成長,2026Q1,-0.8,40,72.5,29/40,65.0,13/20,75.0,9/12,50.0,2/4,✔✔✗✗,0,18.4,9
KNSA,🔵 多數成長,2026Q1,72.5,12,66.7,8/12,66.7,8/12,66.7,8/12,100.0,4/4,✔✔✔✔,4,117.5,0
OLED,🔵 多數成長,2026Q1,0.6,40,75.0,30/40,80.0,16/20,75.0,9/12,75.0,3/4,✔✔✗✔,1,38.1,4
BELFB,🟡 中性,2026Q1,18.9,39,51.3,20/39,65.0,13/20,50.0,6/12,50.0,2/4,✗✗✔✔,2,9.0,9
BELFA,🟡 中性,2026Q1,18.9,39,51.3,20/39,65.0,13/20,50.0,6/12,50.0,2/4,✗✗✔✔,2,9.0,9
EXTR,🟡 中性,2026Q3,34.8,40,60.0,24/40,55.0,11/20,50.0,6/12,50.0,2/4,✔✗✗✔,1,13.3,7
MMSI,🟢 全期強勢,2026Q1,9.8,27,92.6,25/27,90.0,18/20,100.0,12/12,100.0,4/4,✔✔✔✔,13,14.2,6
DAVE,🟢 全期強勢,2026Q1,46.7,12,100.0,12/12,100.0,12/12,100.0,12/12,100.0,4/4,✔✔✔✔,12,32.2,2
LIF,🟢 全期強勢,2026Q1,32.5,9,100.0,9/9,100.0,9/9,100.0,9/9,100.0,4/4,✔✔✔✔,9,43.2,0
EXLS,🟢 全期強勢,2026Q1,14.8,33,87.9,29/33,80.0,16/20,91.7,11/12,100.0,4/4,✔✔✔✔,9,20.4,6
QLYS,🟢 全期強勢,2026Q1,9.7,40,95.0,38/40,95.0,19/20,91.7,11/12,100.0,4/4,✔✔✔✔,9,28.5,10
INDB,— 資料不足/新上市,,,,,,,,,,,,,,,
CHEF,🟢 全期強勢,2026Q1,8.7,40,92.5,37/40,85.0,17/20,91.7,11/12,100.0,4/4,✔✔✔✔,10,26.7,6
CPRX,🟢 全期強勢,2026Q1,43.6,21,76.2,16/21,80.0,16/20,100.0,12/12,100.0,4/4,✔✔✔✔,14,30.3,3
CAKE,🟢 全期強勢,2026Q1,4.0,40,87.5,35/40,90.0,18/20,100.0,12/12,100.0,4/4,✔✔✔✔,15,10.5,8
DLO,— 資料不足/新上市,,,,,,,,,,,,,,,
DORM,🟢 全期強勢,2026Q1,8.3,40,90.0,36/40,80.0,16/20,91.7,11/12,100.0,4/4,✔✔✔✔,9,14.7,10
LOPE,🔵 多數成長,2026Q1,5.3,40,82.5,33/40,80.0,16/20,75.0,9/12,75.0,3/4,✔✔✗✔,1,7.6,8
BANF,— 資料不足/新上市,,,,,,,,,,,,,,,
ACAD,🟢 全期強勢,2026Q1,18.7,40,75.0,30/40,95.0,19/20,91.7,11/12,100.0,4/4,✔✔✔✔,8,10949.4,1
CALM,🔵 多數成長,2026Q3,101.6,40,67.5,27/40,65.0,13/20,66.7,8/12,75.0,3/4,✗✔✔✔,3,16.2,5
SKYW,🔵 多數成長,2026Q1,18.0,40,55.0,22/40,60.0,12/20,66.7,8/12,75.0,3/4,✔✔✗✔,1,6.7,10
OSIS,🟢 全期強勢,2026Q3,9.6,40,80.0,32/40,90.0,18/20,83.3,10/12,100.0,4/4,✔✔✔✔,10,12.9,8
MNDY,— 資料不足/新上市,,,,,,,,,,,,,,,
VEON,— 資料不足/新上市,,,,,,,,,,,,,,,
WAY,— 資料不足/新上市,2026Q1,14.1,3,100.0,3/3,100.0,3/3,100.0,3/3,100.0,3/3,✔✔✔,3,18.5,0
ADEA,🔴 轉弱/衰退,2026Q1,5.1,17,52.9,9/17,52.9,9/17,33.3,4/12,50.0,2/4,✔✗✗✔,1,25.2,2
WSBC,— 資料不足/新上市,,,,,,,,,,,,,,,
LFST,🟢 全期強勢,2026Q1,10.8,13,100.0,13/13,100.0,13/13,100.0,12/12,100.0,4/4,✔✔✔✔,13,31308.4,1
OPCH,🟢 全期強勢,2026Q1,16.3,40,77.5,31/40,85.0,17/20,83.3,10/12,75.0,3/4,✔✔✗✔,1,23.0,5
PENG,🟡 中性,2026Q2,28.3,27,59.3,16/27,55.0,11/20,50.0,6/12,75.0,3/4,✗✔✔✔,3,15.0,3
COLM,🔵 多數成長,2026Q1,1.1,29,72.4,21/29,70.0,14/20,75.0,9/12,50.0,2/4,✗✗✔✔,2,10.1,7
FIZZ,🟢 全期強勢,2026Q3,-1.1,40,77.5,31/40,85.0,17/20,83.3,10/12,50.0,2/4,✔✔✗✗,0,7.4,10
FHB,🔵 多數成長,2026Q1,2.5,29,48.3,14/29,55.0,11/20,66.7,8/12,75.0,3/4,✗✔✔✔,3,2.4,7
MCHB,— 資料不足/新上市,,,,,,,,,,,,,,,
HWKN,🔵 多數成長,2026Q3,8.5,40,70.0,28/40,65.0,13/20,75.0,9/12,75.0,3/4,✗✔✔✔,3,12.3,8
FFBC,— 資料不足/新上市,,,,,,,,,,,,,,,
KYIV,— 資料不足/新上市,,,,,,,,,,,,,,,
USLM,🟢 全期強勢,2026Q1,27.3,40,67.5,27/40,85.0,17/20,91.7,11/12,100.0,4/4,✔✔✔✔,11,11.6,9
SHOO,🔵 多數成長,2026Q1,0.1,40,70.0,28/40,60.0,12/20,66.7,8/12,75.0,3/4,✔✔✗✔,1,18.0,7
RUN,🔵 多數成長,2026Q1,10.1,32,81.2,26/32,70.0,14/20,66.7,8/12,50.0,2/4,✗✗✔✔,2,31.5,2
ASO,🔴 轉弱/衰退,2026Q1,-0.9,18,27.8,5/18,27.8,5/18,8.3,1/12,0.0,0/4,✗✗✗✗,0,12.3,4
CLBT,— 資料不足/新上市,,,,,,,,,,,,,,,
TOWN,— 查無CIK(非SEC財報/ETF/ADR),,,,,,,,,,,,,,,
IPAR,🟢 全期強勢,2026Q1,4.6,40,75.0,30/40,80.0,16/20,91.7,11/12,100.0,4/4,✔✔✔✔,5,17.0,7
INOD,🟢 全期強勢,2026Q1,120.1,40,57.5,23/40,90.0,18/20,83.3,10/12,100.0,4/4,✔✔✔✔,7,16.0,10
ETOR,— 資料不足/新上市,,,,,,,,,,,,,,,
UPST,🟡 中性,2026Q1,67.0,15,60.0,9/15,60.0,9/15,50.0,6/12,50.0,2/4,✗✔✗✔,1,138.5,2
WDFC,🔵 多數成長,2026Q2,5.0,40,70.0,28/40,70.0,14/20,75.0,9/12,75.0,3/4,✔✗✔✔,2,7.2,9
SBCF,— 資料不足/新上市,,,,,,,,,,,,,,,
KALU,🟡 中性,2026Q1,5.4,27,44.4,12/27,40.0,8/20,41.7,5/12,50.0,2/4,✗✔✗✔,1,22.8,3
PRVA,🟢 全期強勢,2026Q1,15.6,15,93.3,14/15,93.3,14/15,91.7,11/12,100.0,4/4,✔✔✔✔,11,27.8,2
CRVL,🟢 全期強勢,2025Q4,-6.3,22,81.8,18/22,80.0,16/20,83.3,10/12,75.0,3/4,✔✔✔✗,0,7.4,4
PLMR,🟢 全期強勢,2026Q1,47.3,19,100.0,19/19,100.0,19/19,100.0,12/12,100.0,4/4,✔✔✔✔,19,39.7,0
ATRO,🟢 全期強勢,2026Q1,11.3,27,63.0,17/27,65.0,13/20,83.3,10/12,100.0,4/4,✔✔✔✔,5,8.1,5
MZTI,🟢 全期強勢,2026Q3,-2.9,27,85.2,23/27,85.0,17/20,83.3,10/12,75.0,3/4,✔✔✔✗,0,6.9,6
MGRC,🟢 全期強勢,2026Q1,4.0,40,85.0,34/40,90.0,18/20,100.0,12/12,100.0,4/4,✔✔✔✔,13,23.2,4
PATK,🔵 多數成長,2026Q1,7.5,24,66.7,16/24,65.0,13/20,66.7,8/12,75.0,3/4,✔✔✗✔,1,13.6,2
MGEE,— 資料不足/新上市,,,,,,,,,,,,,,,
VISN,🟡 中性,2026Q1,-56.9,39,48.7,19/39,50.0,10/20,41.7,5/12,25.0,1/4,✗✗✔✗,0,6.4,4
AYA,— 資料不足/新上市,,,,,,,,,,,,,,,
NMIH,🟢 全期強勢,2026Q1,10.9,37,97.3,36/37,95.0,19/20,91.7,11/12,75.0,3/4,✔✔✗✔,1,6780.8,4
NTCT,🟡 中性,2026Q4,-26.6,40,42.5,17/40,50.0,10/20,50.0,6/12,25.0,1/4,✗✗✔✗,0,15.9,9
UNIT,— 資料不足/新上市,,,,,,,,,,,,,,,
OSW,🟢 全期強勢,2026Q1,4.0,18,77.8,14/18,77.8,14/18,100.0,12/12,100.0,4/4,✔✔✔✔,12,341.3,0
EXPO,🟢 全期強勢,2026Q1,0.4,40,85.0,34/40,85.0,17/20,100.0,12/12,100.0,4/4,✔✔✔✔,13,8.0,10
FA,🔴 轉弱/衰退,2026Q1,109.3,15,46.7,7/15,46.7,7/15,33.3,4/12,25.0,1/4,✗✗✗✔,1,21.0,3
TMDX,🟢 全期強勢,2026Q1,48.2,22,81.8,18/22,80.0,16/20,83.3,10/12,100.0,4/4,✔✔✔✔,10,84.0,3
HSAI,— 資料不足/新上市,,,,,,,,,,,,,,,
CARG,🟡 中性,2026Q1,-1.7,23,65.2,15/23,60.0,12/20,50.0,6/12,25.0,1/4,✗✗✔✗,0,29.3,0
FRPT,🟢 全期強勢,2026Q1,17.6,36,94.4,34/36,100.0,20/20,100.0,12/12,100.0,4/4,✔✔✔✔,21,24.9,4
DXPE,🟢 全期強勢,2026Q1,15.5,40,55.0,22/40,70.0,14/20,83.3,10/12,100.0,4/4,✔✔✔✔,4,13.9,9
PDFS,🟢 全期強勢,2026Q1,15.7,40,62.5,25/40,90.0,18/20,91.7,11/12,100.0,4/4,✔✔✔✔,11,7.4,9
NMRK,🟡 中性,2026Q1,23.6,27,63.0,17/27,60.0,12/20,58.3,7/12,75.0,3/4,✔✔✗✔,1,12.7,5
TRMK,— 資料不足/新上市,,,,,,,,,,,,,,,
DGII,🟡 中性,2026Q2,-3.0,40,62.5,25/40,70.0,14/20,58.3,7/12,25.0,1/4,✗✔✗✗,0,11.8,9
CCC,🟢 全期強勢,2025Q4,16.2,13,92.3,12/13,92.3,12/13,91.7,11/12,100.0,4/4,✔✔✔✔,8,11.5,3
MGNI,🟢 全期強勢,2026Q1,4.3,40,80.0,32/40,95.0,19/20,100.0,12/12,100.0,4/4,✔✔✔✔,19,26.8,5
FRSH,🟢 全期強勢,2026Q1,18.9,12,100.0,12/12,100.0,12/12,100.0,12/12,100.0,4/4,✔✔✔✔,12,26.0,1
FBNC,— 資料不足/新上市,,,,,,,,,,,,,,,
EEFT,🟢 全期強勢,2026Q1,6.8,40,87.5,35/40,90.0,18/20,100.0,12/12,100.0,4/4,✔✔✔✔,13,11.6,9
NESR,🟢 全期強勢,2026Q1,2.1,6,100.0,6/6,100.0,6/6,100.0,6/6,100.0,4/4,✔✔✔✔,6,20.6,0
AGYS,🟢 全期強勢,2025Q3,14.9,37,62.2,23/37,80.0,16/20,83.3,10/12,100.0,4/4,✔✔✔✔,10,2.7,3
GCMG,🟡 中性,2026Q1,15.6,17,64.7,11/17,64.7,11/17,58.3,7/12,75.0,3/4,✔✔✗✔,1,6.8,4
NBTB,— 資料不足/新上市,,,,,,,,,,,,,,,
NNNN,— 資料不足/新上市,,,,,,,,,,,,,,,
INTR,— 資料不足/新上市,,,,,,,,,,,,,,,
NYAX,— 資料不足/新上市,,,,,,,,,,,,,,,
BUSE,— 資料不足/新上市,2026Q1,12.8,1,100.0,1/1,100.0,1/1,100.0,1/1,100.0,1/1,✔,1,12.8,0
PAYO,🟢 全期強勢,2026Q1,16.1,14,92.9,13/14,92.9,13/14,91.7,11/12,75.0,3/4,✔✔✗✔,1,33.0,2
HTO,🟢 全期強勢,2026Q1,9.9,29,79.3,23/29,80.0,16/20,83.3,10/12,100.0,4/4,✔✔✔✔,5,20.5,7
BLBD,🔵 多數成長,2026Q2,3.7,38,60.5,23/38,60.0,12/20,75.0,9/12,75.0,3/4,✔✔✗✔,1,5.9,7
TBBK,— 資料不足/新上市,,,,,,,,,,,,,,,
MCRI,🟢 全期強勢,2026Q1,3.1,27,70.4,19/27,75.0,15/20,91.7,11/12,100.0,4/4,✔✔✔✔,6,37.6,5
TRVG,— 資料不足/新上市,,,,,,,,,,,,,,,
IMOS,— 資料不足/新上市,,,,,,,,,,,,,,,
RNW,— 資料不足/新上市,,,,,,,,,,,,,,,
EFSC,— 資料不足/新上市,,,,,,,,,,,,,,,
CHA,— 資料不足/新上市,,,,,,,,,,,,,,,
AVPT,🟢 全期強勢,2026Q1,24.9,14,85.7,12/14,85.7,12/14,83.3,10/12,75.0,3/4,✔✔✗✔,1,16.4,3
BANR,— 資料不足/新上市,,,,,,,,,,,,,,,
ALRM,🟢 全期強勢,2026Q1,7.0,37,94.6,35/37,90.0,18/20,91.7,11/12,75.0,3/4,✔✔✗✔,1,22.5,7
SYBT,🟢 全期強勢,2021Q2,1.1,6,83.3,5/6,83.3,5/6,83.3,5/6,100.0,4/4,✔✔✔✔,5,6.1,1
MLCO,— 資料不足/新上市,,,,,,,,,,,,,,,
LMAT,🟢 全期強勢,2026Q1,12.0,40,87.5,35/40,85.0,17/20,83.3,10/12,100.0,4/4,✔✔✔✔,5,13.7,10
PLUS,🔵 多數成長,2026Q4,65.3,40,65.0,26/40,65.0,13/20,66.7,8/12,25.0,1/4,✗✗✗✔,1,11.8,10
NWBI,— 資料不足/新上市,,,,,,,,,,,,,,,
AUPH,🟢 全期強勢,2026Q1,24.2,13,92.3,12/13,92.3,12/13,91.7,11/12,100.0,4/4,✔✔✔✔,4,6096.8,0
DRVN,🟡 中性,2026Q1,-7.1,14,64.3,9/14,64.3,9/14,58.3,7/12,0.0,0/4,✗✗✗✗,0,24.1,1
CLBK,— 資料不足/新上市,,,,,,,,,,,,,,,
AMSC,🔵 多數成長,2026Q3,56.0,39,48.7,19/39,50.0,10/20,66.7,8/12,75.0,3/4,✗✔✔✔,3,4.2,1
CMPR,🟢 全期強勢,2026Q3,1.1,40,77.5,31/40,70.0,14/20,83.3,10/12,100.0,4/4,✔✔✔✔,9,13.0,7
SKWD,🔵 多數成長,2026Q1,49.3,7,71.4,5/7,71.4,5/7,71.4,5/7,50.0,2/4,✔✗✗✔,1,96.3,0
VCEL,🟢 全期強勢,2026Q1,2.6,35,77.1,27/35,80.0,16/20,83.3,10/12,100.0,4/4,✔✔✔✔,5,4252.1,5
PGNY,🟢 全期強勢,2026Q1,16.5,17,100.0,17/17,100.0,17/17,100.0,12/12,100.0,4/4,✔✔✔✔,17,45.2,0
PRDO,🟡 中性,2026Q1,26.6,40,47.5,19/40,55.0,11/20,50.0,6/12,50.0,2/4,✗✗✔✔,2,-0.9,10
FBYD,— 資料不足/新上市,2026Q1,12.7,5,40.0,2/5,40.0,2/5,40.0,2/5,50.0,2/4,✗✔✗✔,1,-28.6,1
FLYW,🟢 全期強勢,2026Q1,17.0,12,100.0,12/12,100.0,12/12,100.0,12/12,100.0,4/4,✔✔✔✔,12,38.9,0
EZPW,🟢 全期強勢,2026Q2,7.2,40,77.5,31/40,80.0,16/20,91.7,11/12,100.0,4/4,✔✔✔✔,10,8.1,10
SPSC,🟢 全期強勢,2026Q1,21.4,40,95.0,38/40,95.0,19/20,100.0,12/12,100.0,4/4,✔✔✔✔,13,19.4,10
ASTH,🟢 全期強勢,2025Q3,37.5,40,90.0,36/40,85.0,17/20,100.0,12/12,100.0,4/4,✔✔✔✔,13,141.4,6
QFIN,— 資料不足/新上市,,,,,,,,,,,,,,,
HRMY,🟢 全期強勢,2026Q1,19.5,14,92.9,13/14,92.9,13/14,100.0,12/12,100.0,4/4,✔✔✔✔,13,50.1,0
ADMA,🟢 全期強勢,2026Q1,40.2,40,87.5,35/40,100.0,20/20,100.0,12/12,100.0,4/4,✔✔✔✔,21,66.6,8
SLDE,— 資料不足/新上市,,,,,,,,,,,,,,,
TILE,🟡 中性,2026Q1,2.6,40,60.0,24/40,55.0,11/20,58.3,7/12,75.0,3/4,✔✔✗✔,1,6.5,10
PLPC,🟡 中性,2026Q1,5.4,29,72.4,21/29,70.0,14/20,58.3,7/12,50.0,2/4,✗✗✔✔,2,14.6,7
LKFT,— 資料不足/新上市,,,,,,,,,,,,,,,
UFPT,🟢 全期強勢,2026Q1,41.1,40,72.5,29/40,80.0,16/20,83.3,10/12,75.0,3/4,✔✔✗✔,1,12.6,7
SRCE,— 資料不足/新上市,,,,,,,,,,,,,,,
PAX,— 資料不足/新上市,,,,,,,,,,,,,,,
ANIP,🟢 全期強勢,2026Q1,43.4,40,90.0,36/40,80.0,16/20,83.3,10/12,100.0,4/4,✔✔✔✔,10,35.7,4
WB,— 資料不足/新上市,,,,,,,,,,,,,,,
SKYT,🔵 多數成長,2026Q1,-23.0,15,80.0,12/15,80.0,12/15,75.0,9/12,75.0,3/4,✔✔✔✗,0,16.8,2
CHCO,— 資料不足/新上市,2019Q4,0.0,4,0.0,0/4,0.0,0/4,0.0,0/4,0.0,0/4,✗✗✗✗,0,0.0,1
ECPG,🔴 轉弱/衰退,2026Q1,10.6,40,42.5,17/40,30.0,6/20,33.3,4/12,75.0,3/4,✔✔✗✔,1,-2.4,7
CNXN,🟡 中性,2026Q1,10.9,40,62.5,25/40,55.0,11/20,58.3,7/12,75.0,3/4,✔✔✗✔,1,5.3,10
OMCL,🟡 中性,2026Q1,9.6,40,70.0,28/40,50.0,10/20,41.7,5/12,25.0,1/4,✗✗✗✔,1,17.7,9
ADUS,🟢 全期強勢,2026Q1,20.3,29,96.6,28/29,100.0,20/20,100.0,12/12,100.0,4/4,✔✔✔✔,25,16.3,7
SHLS,🔵 多數成長,2026Q1,-11.5,13,69.2,9/13,69.2,9/13,66.7,8/12,0.0,0/4,✗✗✗✗,0,22.0,0
CASH,🔵 多數成長,2026Q2,6.7,26,76.9,20/26,75.0,15/20,75.0,9/12,75.0,3/4,✔✗✔✔,2,14.8,6
STRA,🟡 中性,2026Q1,4.6,27,59.3,16/27,60.0,12/20,58.3,7/12,75.0,3/4,✔✔✗✔,1,14.7,5
AVAH,🟢 全期強勢,2026Q1,14.0,15,100.0,15/15,100.0,15/15,100.0,12/12,100.0,4/4,✔✔✔✔,15,9.1,2
ZD,🔴 轉弱/衰退,2026Q1,-13.2,40,65.0,26/40,40.0,8/20,25.0,3/12,25.0,1/4,✗✔✗✗,0,17.0,8
GABC,— 資料不足/新上市,2026Q1,32.1,3,33.3,1/3,33.3,1/3,33.3,1/3,33.3,1/3,✗✗✔,1,8.0,0
STBA,— 資料不足/新上市,,,,,,,,,,,,,,,
FORTY,— 資料不足/新上市,,,,,,,,,,,,,,,
STGW,🟡 中性,2026Q1,-2.7,21,47.6,10/21,45.0,9/20,58.3,7/12,50.0,2/4,✔✔✗✗,0,33.9,1
INVA,🟡 中性,2026Q1,14.4,38,78.9,30/38,75.0,15/20,58.3,7/12,75.0,3/4,✔✔✗✔,1,117.0,4
OPRA,— 資料不足/新上市,,,,,,,,,,,,,,,
MQ,🔵 多數成長,2026Q1,17.9,13,76.9,10/13,76.9,10/13,75.0,9/12,75.0,3/4,✗✔✔✔,3,23.0,1
TCBK,🟡 中性,2026Q1,0.3,26,61.5,16/26,60.0,12/20,58.3,7/12,25.0,1/4,✗✗✗✔,1,7.6,6
CNOB,— 資料不足/新上市,,,,,,,,,,,,,,,
ALNT,🔵 多數成長,2026Q1,-9.5,27,70.4,19/27,65.0,13/20,66.7,8/12,25.0,1/4,✗✗✔✗,0,25.6,5
NCNO,🟢 全期強勢,2027Q1,12.5,11,100.0,11/11,100.0,11/11,100.0,11/11,100.0,4/4,✔✔✔✔,11,27.0,1
BFC,— 資料不足/新上市,,,,,,,,,,,,,,,
FSUN,— 資料不足/新上市,,,,,,,,,,,,,,,
EVCM,🔵 多數成長,2026Q1,3.2,13,76.9,10/13,76.9,10/13,75.0,9/12,50.0,2/4,✗✗✔✔,2,30.9,2
HLMN,🟡 中性,2026Q1,2.6,14,57.1,8/14,57.1,8/14,58.3,7/12,25.0,1/4,✗✗✗✔,1,2.1,3
HCSG,🟡 中性,2026Q1,5.7,23,43.5,10/23,40.0,8/20,50.0,6/12,75.0,3/4,✔✔✗✔,1,-1.6,4
BL,🟢 全期強勢,2026Q1,6.0,31,100.0,31/31,100.0,20/20,100.0,12/12,100.0,4/4,✔✔✔✔,31,27.9,5
TRS,🟡 中性,2026Q1,-32.9,40,52.5,21/40,65.0,13/20,58.3,7/12,50.0,2/4,✔✔✗✗,0,-2.4,6
QCRH,🔵 多數成長,2024Q3,34.7,38,78.9,30/38,80.0,16/20,66.7,8/12,75.0,3/4,✗✔✔✔,3,16.8,6
APPN,🟢 全期強勢,2026Q1,11.1,29,96.6,28/29,95.0,19/20,91.7,11/12,100.0,4/4,✔✔✔✔,9,23.7,5
LINC,🟢 全期強勢,2026Q1,13.7,40,67.5,27/40,85.0,17/20,83.3,10/12,75.0,3/4,✔✔✗✔,1,4.0,9
ATLC,🟢 全期強勢,2026Q1,18.7,25,88.0,22/25,100.0,20/20,100.0,12/12,100.0,4/4,✔✔✔✔,21,618.4,3
TRIN,— 資料不足/新上市,,,,,,,,,,,,,,,
TRIP,🟢 全期強勢,2026Q1,0.8,40,70.0,28/40,65.0,13/20,91.7,11/12,75.0,3/4,✔✗✔✔,2,25.7,4
FIVN,🟢 全期強勢,2026Q1,13.2,40,95.0,38/40,95.0,19/20,100.0,12/12,100.0,4/4,✔✔✔✔,15,28.6,8
RBCAA,🟢 全期強勢,2026Q1,12.9,29,75.9,22/29,75.0,15/20,83.3,10/12,100.0,4/4,✔✔✔✔,5,4.6,7
HURN,🟢 全期強勢,2026Q1,11.2,40,70.0,28/40,75.0,15/20,91.7,11/12,100.0,4/4,✔✔✔✔,9,9.6,9
KARO,— 資料不足/新上市,,,,,,,,,,,,,,,
WLFC,🟢 全期強勢,2026Q1,32.5,40,70.0,28/40,75.0,15/20,100.0,12/12,100.0,4/4,✔✔✔✔,15,14.2,9
WINA,🔵 多數成長,2026Q1,9.0,40,72.5,29/40,75.0,15/20,75.0,9/12,50.0,2/4,✗✗✔✔,2,7.7,9
CSWC,— 資料不足/新上市,2012Q3,138.1,3,66.7,2/3,66.7,2/3,66.7,2/3,66.7,2/3,✗✔✔,2,28.8,0
JJSF,🔵 多數成長,2026Q2,-1.0,40,75.0,30/40,65.0,13/20,75.0,9/12,75.0,3/4,✔✔✔✗,0,8.0,10
ATEX,🔴 轉弱/衰退,2024Q3,230.1,22,54.5,12/22,55.0,11/20,33.3,4/12,75.0,3/4,✗✔✔✔,3,35.6,1
PICS,— 資料不足/新上市,,,,,,,,,,,,,,,
WLDN,🟢 全期強勢,2026Q1,24.4,40,75.0,30/40,70.0,14/20,91.7,11/12,100.0,4/4,✔✔✔✔,9,17.5,6
EYE,🟡 中性,2026Q1,5.7,30,66.7,20/30,50.0,10/20,41.7,5/12,100.0,4/4,✔✔✔✔,4,21.7,7
NWPX,🟡 中性,2026Q1,2.6,40,57.5,23/40,75.0,15/20,58.3,7/12,75.0,3/4,✔✔✗✔,1,9.0,7
DSGR,🟢 全期強勢,2026Q1,14.9,40,75.0,30/40,85.0,17/20,100.0,12/12,100.0,4/4,✔✔✔✔,16,25.0,9
BHRB,— 資料不足/新上市,,,,,,,,,,,,,,,
GSHD,🟢 全期強勢,2026Q1,17.3,23,95.7,22/23,95.0,19/20,100.0,12/12,100.0,4/4,✔✔✔✔,15,32.4,1
AMAL,— 資料不足/新上市,,,,,,,,,,,,,,,
ITRN,— 資料不足/新上市,,,,,,,,,,,,,,,
PGY,— 資料不足/新上市,2026Q1,19.3,4,100.0,4/4,100.0,4/4,100.0,4/4,100.0,4/4,✔✔✔✔,4,27.2,0
PAHC,🟢 全期強勢,2026Q3,32.1,40,67.5,27/40,80.0,16/20,83.3,10/12,100.0,4/4,✔✔✔✔,6,5.7,10
ASTE,🟡 中性,2026Q1,6.5,40,57.5,23/40,55.0,11/20,58.3,7/12,50.0,2/4,✗✗✔✔,2,47.3,10
TBLA,🔵 多數成長,2026Q1,3.3,9,66.7,6/9,66.7,6/9,66.7,6/9,75.0,3/4,✔✔✗✔,1,3.2,2
AFYA,— 資料不足/新上市,,,,,,,,,,,,,,,
XPEL,🟢 全期強勢,2026Q1,15.2,20,100.0,20/20,100.0,20/20,100.0,12/12,100.0,4/4,✔✔✔✔,20,32.5,2
GCT,— 資料不足/新上市,2026Q1,8.3,4,100.0,4/4,100.0,4/4,100.0,4/4,100.0,4/4,✔✔✔✔,4,69.5,0
PRGS,🟢 全期強勢,2026Q1,28.9,40,72.5,29/40,85.0,17/20,83.3,10/12,75.0,3/4,✗✔✔✔,3,10.4,10
CTBI,— 資料不足/新上市,,,,,,,,,,,,,,,
UFCS,🔵 多數成長,2026Q1,11.9,40,57.5,23/40,55.0,11/20,75.0,9/12,100.0,4/4,✔✔✔✔,5,7.6,10
FMBH,— 資料不足/新上市,,,,,,,,,,,,,,,
ROCK,🔴 轉弱/衰退,2026Q1,-15.8,40,57.5,23/40,40.0,8/20,33.3,4/12,0.0,0/4,✗✗✗✗,0,5.2,7
CCEC,— 資料不足/新上市,,,,,,,,,,,,,,,
XERS,🟢 全期強勢,2026Q1,47.9,6,100.0,6/6,100.0,6/6,100.0,6/6,100.0,4/4,✔✔✔✔,6,55.9,0
LQDT,🟢 全期強勢,2026Q2,27.3,40,47.5,19/40,80.0,16/20,83.3,10/12,100.0,4/4,✔✔✔✔,5,2.6,8
IRMD,🟢 全期強勢,2026Q1,10.9,39,82.1,32/39,85.0,17/20,100.0,12/12,100.0,4/4,✔✔✔✔,13,37.5,6
TWFG,— 資料不足/新上市,2026Q1,16.6,3,100.0,3/3,100.0,3/3,100.0,3/3,100.0,3/3,✔✔✔,3,14.8,0
RDWR,— 資料不足/新上市,,,,,,,,,,,,,,,
PNTG,🟢 全期強勢,2026Q1,33.7,22,90.9,20/22,90.0,18/20,83.3,10/12,75.0,3/4,✔✔✗✔,1,14.9,5
UVSP,— 資料不足/新上市,2026Q1,2.8,1,100.0,1/1,100.0,1/1,100.0,1/1,100.0,1/1,✔,1,2.8,0
HFWA,— 資料不足/新上市,,,,,,,,,,,,,,,
BJRI,🟢 全期強勢,2026Q1,3.2,23,78.3,18/23,75.0,15/20,91.7,11/12,75.0,3/4,✗✔✔✔,3,14.5,2
MLKN,🟡 中性,2026Q3,0.4,40,65.0,26/40,60.0,12/20,58.3,7/12,75.0,3/4,✔✗✔✔,2,9.5,8
OSBC,— 資料不足/新上市,,,,,,,,,,,,,,,
HBT,— 資料不足/新上市,,,,,,,,,,,,,,,
THRM,🔵 多數成長,2026Q1,-0.6,28,57.1,16/28,60.0,12/20,66.7,8/12,75.0,3/4,✔✔✔✗,0,19.1,6
COLL,🟢 全期強勢,2026Q1,22.7,25,88.0,22/25,85.0,17/20,83.3,10/12,100.0,4/4,✔✔✔✔,10,229.2,3
UPBD,🟡 中性,2026Q1,7.3,40,45.0,18/40,55.0,11/20,41.7,5/12,75.0,3/4,✔✔✗✔,1,2.4,9
SENEB,🟢 全期強勢,2025Q3,6.3,36,69.4,25/36,70.0,14/20,83.3,10/12,100.0,4/4,✔✔✔✔,5,3.6,7
SENEA,🟢 全期強勢,2025Q3,6.3,36,69.4,25/36,70.0,14/20,83.3,10/12,100.0,4/4,✔✔✔✔,5,3.6,7
CBRL,🔵 多數成長,2026Q3,0.5,40,77.5,31/40,70.0,14/20,75.0,9/12,100.0,4/4,✔✔✔✔,4,4.6,10
NUTX,🟡 中性,2026Q1,214.0,40,50.0,20/40,65.0,13/20,58.3,7/12,75.0,3/4,✔✔✗✔,1,1167.0,5
SAFT,🔵 多數成長,2026Q1,12.4,40,70.0,28/40,60.0,12/20,66.7,8/12,75.0,3/4,✔✔✗✔,1,3.8,10
ARHS,🔵 多數成長,2026Q1,5.5,12,75.0,9/12,75.0,9/12,75.0,9/12,50.0,2/4,✗✗✔✔,2,24.2,1
TRUP,🟢 全期強勢,2026Q1,11.7,39,97.4,38/39,95.0,19/20,100.0,12/12,100.0,4/4,✔✔✔✔,14,28.6,6
CFFN,— 資料不足/新上市,2020Q1,0.0,1,0.0,0/1,0.0,0/1,0.0,0/1,0.0,0/1,✗,0,0.0,0
AVO,🟡 中性,2026Q2,27.8,15,66.7,10/15,66.7,10/15,58.3,7/12,75.0,3/4,✔✗✔✔,2,23.5,3
NBN,— 查無CIK(非SEC財報/ETF/ADR),,,,,,,,,,,,,,,
GILT,— 資料不足/新上市,,,,,,,,,,,,,,,
UPWK,🟢 全期強勢,2026Q1,0.9,24,95.8,23/24,95.0,19/20,91.7,11/12,75.0,3/4,✔✔✗✔,1,27.0,4
MGRT,— 資料不足/新上市,,,,,,,,,,,,,,,
ESQ,— 資料不足/新上市,,,,,,,,,,,,,,,
MCBS,— 資料不足/新上市,,,,,,,,,,,,,,,
LYTS,🔵 多數成長,2026Q3,22.5,40,57.5,23/40,55.0,11/20,66.7,8/12,100.0,4/4,✔✔✔✔,4,7.3,9
MSEX,🔵 多數成長,2026Q1,9.4,29,69.0,20/29,75.0,15/20,75.0,9/12,75.0,3/4,✔✔✗✔,1,5.3,7
APEI,🔵 多數成長,2026Q1,6.6,30,60.0,18/30,75.0,15/20,75.0,9/12,75.0,3/4,✔✔✗✔,1,11.7,5
JCAP,— 資料不足/新上市,,,,,,,,,,,,,,,
FSBC,— 資料不足/新上市,,,,,,,,,,,,,,,
CRSR,🟡 中性,2026Q1,9.6,17,47.1,8/17,47.1,8/17,41.7,5/12,50.0,2/4,✗✗✔✔,2,14.7,3
AEBI,— 資料不足/新上市,2026Q1,-3.7,1,0.0,0/1,0.0,0/1,0.0,0/1,0.0,0/1,✗,0,-3.7,0
LMB,🟡 中性,2026Q1,11.9,33,51.5,17/33,50.0,10/20,58.3,7/12,75.0,3/4,✗✔✔✔,3,1.5,8
CCNE,— 資料不足/新上市,,,,,,,,,,,,,,,
LZ,🟢 全期強勢,2026Q1,5.1,15,100.0,15/15,100.0,15/15,100.0,12/12,100.0,4/4,✔✔✔✔,15,21.0,3
BFST,🟢 全期強勢,2026Q1,17.3,23,91.3,21/23,90.0,18/20,100.0,12/12,100.0,4/4,✔✔✔✔,15,26.5,3
SCHL,🟡 中性,2026Q3,3.6,40,52.5,21/40,55.0,11/20,50.0,6/12,75.0,3/4,✔✔✗✔,1,3.6,9
PSIX,🔵 多數成長,2026Q1,42.2,24,58.3,14/24,55.0,11/20,66.7,8/12,75.0,3/4,✗✔✔✔,3,2.1,5
HAFC,— 資料不足/新上市,2026Q1,7.6,1,100.0,1/1,100.0,1/1,100.0,1/1,100.0,1/1,✔,1,7.6,0
MBWM,— 資料不足/新上市,,,,,,,,,,,,,,,
HNRG,🟡 中性,2026Q1,5.5,40,52.5,21/40,55.0,11/20,58.3,7/12,25.0,1/4,✗✗✗✔,1,15.7,9
TRST,— 資料不足/新上市,,,,,,,,,,,,,,,
JBSS,🔵 多數成長,2026Q3,-4.0,25,56.0,14/25,60.0,12/20,75.0,9/12,50.0,2/4,✔✔✗✗,0,3.0,6
PHAR,— 資料不足/新上市,,,,,,,,,,,,,,,
GDRX,🟡 中性,2026Q1,2.6,16,68.8,11/16,68.8,11/16,58.3,7/12,75.0,3/4,✔✔✗✔,1,11.6,2
ABUS,🔴 轉弱/衰退,2026Q1,15.1,40,47.5,19/40,55.0,11/20,33.3,4/12,25.0,1/4,✗✗✗✔,1,59.8,9
CRAI,🟢 全期強勢,2024Q4,7.1,24,87.5,21/24,85.0,17/20,83.3,10/12,75.0,3/4,✔✔✗✔,1,11.6,6
TIGR,— 資料不足/新上市,,,,,,,,,,,,,,,
APOG,🟡 中性,2026Q4,4.2,40,72.5,29/40,55.0,11/20,58.3,7/12,50.0,2/4,✗✗✔✔,2,7.2,6
PCRX,🔵 多數成長,2026Q1,1.1,40,80.0,32/40,75.0,15/20,75.0,9/12,100.0,4/4,✔✔✔✔,4,22.7,7
CRTO,🟡 中性,2026Q1,0.3,35,57.1,20/35,50.0,10/20,41.7,5/12,75.0,3/4,✗✔✔✔,3,17.4,8
TALK,🔵 多數成長,2026Q1,14.9,14,78.6,11/14,78.6,11/14,75.0,9/12,75.0,3/4,✔✔✗✔,1,15.8,2
CAC,🟢 全期強勢,2026Q1,14.6,21,76.2,16/21,75.0,15/20,83.3,10/12,75.0,3/4,✔✔✗✔,1,6.7,5
THFF,— 資料不足/新上市,,,,,,,,,,,,,,,
TRNS,🟢 全期強勢,2026Q4,38.6,40,85.0,34/40,90.0,18/20,83.3,10/12,100.0,4/4,✔✔✔✔,6,9.7,8
TBPH,🔵 多數成長,2026Q1,6.1,39,59.0,23/39,55.0,11/20,66.7,8/12,100.0,4/4,✔✔✔✔,8,2390.2,5
JLHL,— 資料不足/新上市,,,,,,,,,,,,,,,
MPB,— 資料不足/新上市,,,,,,,,,,,,,,,
RJET,🟡 中性,2026Q1,165.8,25,60.0,15/25,50.0,10/20,50.0,6/12,75.0,3/4,✗✔✔✔,3,8.5,5
NBBK,— 資料不足/新上市,,,,,,,,,,,,,,,
FMNB,— 資料不足/新上市,2026Q1,6.9,1,100.0,1/1,100.0,1/1,100.0,1/1,100.0,1/1,✔,1,6.9,0
GTM,🔵 多數成長,2026Q1,-1.4,14,78.6,11/14,78.6,11/14,75.0,9/12,25.0,1/4,✗✗✔✗,0,33.4,1
WRLD,🟡 中性,2026Q3,0.6,40,52.5,21/40,60.0,12/20,58.3,7/12,50.0,2/4,✗✔✗✔,1,4.5,8
ROOT,🟡 中性,2026Q1,37.1,16,50.0,8/16,50.0,8/16,58.3,7/12,100.0,4/4,✔✔✔✔,4,44.7,2
ADAM,— 資料不足/新上市,,,,,,,,,,,,,,,
CCBG,— 資料不足/新上市,,,,,,,,,,,,,,,
BBSI,🔵 多數成長,2026Q1,10.1,40,77.5,31/40,65.0,13/20,75.0,9/12,75.0,3/4,✔✔✗✔,1,8.5,9
SMBC,— 資料不足/新上市,,,,,,,,,,,,,,,
PGC,🟡 中性,2026Q1,21.3,40,85.0,34/40,70.0,14/20,50.0,6/12,50.0,2/4,✗✔✗✔,1,14.2,8
SPFI,— 資料不足/新上市,,,,,,,,,,,,,,,
MITK,🔵 多數成長,2026Q2,10.6,40,92.5,37/40,85.0,17/20,75.0,9/12,100.0,4/4,✔✔✔✔,5,36.5,8
RDVT,🟢 全期強勢,2026Q1,25.7,29,93.1,27/29,90.0,18/20,100.0,12/12,100.0,4/4,✔✔✔✔,17,40.0,7
TRON,🔴 轉弱/衰退,2026Q1,8.3,6,16.7,1/6,16.7,1/6,16.7,1/6,25.0,1/4,✗✗✗✔,1,-17.7,1
ORRF,— 資料不足/新上市,,,,,,,,,,,,,,,
HDL,— 資料不足/新上市,,,,,,,,,,,,,,,
ZVRA,🟡 中性,2026Q1,495.6,19,57.9,11/19,57.9,11/19,58.3,7/12,50.0,2/4,✗✔✗✔,1,99.9,4
QNST,🟡 中性,2026Q3,60.1,40,55.0,22/40,55.0,11/20,41.7,5/12,75.0,3/4,✗✔✔✔,3,11.4,6
HSTM,🟢 全期強勢,2026Q1,1.0,40,75.0,30/40,80.0,16/20,91.7,11/12,100.0,4/4,✔✔✔✔,5,9.7,9
XOMA,🟡 中性,2026Q1,300.0,40,37.5,15/40,45.0,9/20,50.0,6/12,75.0,3/4,✔✗✔✔,2,662.6,6
ODD,— 資料不足/新上市,,,,,,,,,,,,,,,
DSP,🔵 多數成長,2026Q1,32.3,17,70.6,12/17,70.6,12/17,66.7,8/12,75.0,3/4,✔✔✗✔,1,19.7,4
FISI,— 資料不足/新上市,,,,,,,,,,,,,,,
SHBI,🔵 多數成長,2026Q1,1.3,25,72.0,18/25,70.0,14/20,66.7,8/12,50.0,2/4,✔✗✗✔,1,14.9,6
DJCO,🔵 多數成長,2026Q2,9.7,40,65.0,26/40,75.0,15/20,75.0,9/12,75.0,3/4,✔✗✔✔,2,9.1,8
FWRG,🟢 全期強勢,2026Q1,16.4,13,100.0,13/13,100.0,13/13,100.0,12/12,100.0,4/4,✔✔✔✔,13,28.3,2
MAMA,🔵 多數成長,2027Q1,18.2,23,73.9,17/23,75.0,15/20,75.0,9/12,75.0,3/4,✔✔✗✔,1,17.3,5
SWBI,🔴 轉弱/衰退,2026Q3,-15.7,39,51.3,20/39,35.0,7/20,33.3,4/12,25.0,1/4,✗✗✔✗,0,28.7,6
FEIM,🔵 多數成長,2026Q3,38.0,40,50.0,20/40,70.0,14/20,66.7,8/12,100.0,4/4,✔✔✔✔,8,3.5,10
EVER,🟡 中性,2026Q1,83.0,24,75.0,18/24,70.0,14/20,50.0,6/12,75.0,3/4,✗✔✔✔,3,42.2,3
MAKO,— 資料不足/新上市,,,,,,,,,,,,,,,
YB,— 資料不足/新上市,,,,,,,,,,,,,,,
BLMN,🟡 中性,2026Q1,-1.8,40,40.0,16/40,50.0,10/20,58.3,7/12,25.0,1/4,✗✗✔✗,0,5.0,9
CARE,— 資料不足/新上市,,,,,,,,,,,,,,,
CWBC,— 資料不足/新上市,,,,,,,,,,,,,,,
SWIM,🟡 中性,2026Q1,0.7,15,53.3,8/15,53.3,8/15,41.7,5/12,25.0,1/4,✗✗✗✔,1,41.9,2
CRMD,🟡 中性,2026Q1,0.0,34,52.9,18/34,50.0,10/20,41.7,5/12,50.0,2/4,✔✗✗✔,1,5235.4,5
VRRM,🟢 全期強勢,2026Q1,6.4,22,81.8,18/22,80.0,16/20,100.0,12/12,100.0,4/4,✔✔✔✔,13,30.7,3
RSVR,🟢 全期強勢,2026Q3,19.2,9,100.0,9/9,100.0,9/9,100.0,9/9,100.0,4/4,✔✔✔✔,9,27.6,1
WASH,🟡 中性,2026Q1,69.6,30,46.7,14/30,50.0,10/20,50.0,6/12,75.0,3/4,✔✔✗✔,1,-2.5,5
SCZM,— 資料不足/新上市,,,,,,,,,,,,,,,
AROW,— 資料不足/新上市,,,,,,,,,,,,,,,
CASS,🟡 中性,2026Q1,-3.5,40,65.0,26/40,45.0,9/20,50.0,6/12,0.0,0/4,✗✗✗✗,0,1.1,10
MRAM,🟡 中性,2026Q1,-9.0,32,59.4,19/32,70.0,14/20,50.0,6/12,0.0,0/4,✗✗✗✗,0,10.5,6
BCAL,— 資料不足/新上市,,,,,,,,,,,,,,,
PFIS,— 資料不足/新上市,,,,,,,,,,,,,,,
VBNK,— 資料不足/新上市,,,,,,,,,,,,,,,
HIFS,— 查無CIK(非SEC財報/ETF/ADR),,,,,,,,,,,,,,,
VINP,— 資料不足/新上市,,,,,,,,,,,,,,,
VMET,— 資料不足/新上市,,,,,,,,,,,,,,,
RIGL,🔵 多數成長,2026Q1,80.6,22,68.2,15/22,75.0,15/20,75.0,9/12,100.0,4/4,✔✔✔✔,4,68.5,1
TATT,— 資料不足/新上市,,,,,,,,,,,,,,,
KRT,🔵 多數成長,2026Q1,8.4,17,76.5,13/17,76.5,13/17,66.7,8/12,100.0,4/4,✔✔✔✔,4,10.2,4
NFBK,🔵 多數成長,2026Q1,0.3,23,69.6,16/23,70.0,14/20,75.0,9/12,75.0,3/4,✔✔✗✔,1,9.2,4
TCMD,🟢 全期強勢,2026Q1,0.3,35,82.9,29/35,75.0,15/20,91.7,11/12,100.0,4/4,✔✔✔✔,9,30.4,8
PRTH,🟢 全期強勢,2026Q1,9.2,20,80.0,16/20,80.0,16/20,83.3,10/12,75.0,3/4,✔✔✗✔,1,10.2,3
GOOD,🟡 中性,2026Q1,5.0,26,73.1,19/26,65.0,13/20,58.3,7/12,50.0,2/4,✗✔✗✔,1,10.5,6
AMSF,🟡 中性,2026Q1,-9.8,40,42.5,17/40,45.0,9/20,58.3,7/12,75.0,3/4,✔✔✔✗,0,-0.5,10
RRBI,— 資料不足/新上市,,,,,,,,,,,,,,,
ACNB,— 資料不足/新上市,2026Q1,37.4,1,100.0,1/1,100.0,1/1,100.0,1/1,100.0,1/1,✔,1,37.4,0
AGCC,— 資料不足/新上市,,,,,,,,,,,,,,,
BWAY,— 資料不足/新上市,,,,,,,,,,,,,,,
DDI,— 資料不足/新上市,,,,,,,,,,,,,,,
NRIM,— 資料不足/新上市,2026Q1,25.1,3,66.7,2/3,66.7,2/3,66.7,2/3,66.7,2/3,✗✔✔,2,9.5,0
CIVB,🔵 多數成長,2026Q1,-15.4,26,65.4,17/26,65.0,13/20,66.7,8/12,50.0,2/4,✗✔✔✗,0,27.9,6
UNTY,— 資料不足/新上市,,,,,,,,,,,,,,,
IIIV,🟡 中性,2026Q2,-6.6,21,57.1,12/21,55.0,11/20,50.0,6/12,0.0,0/4,✗✗✗✗,0,3.7,0
NRDS,🟢 全期強勢,2026Q1,29.2,11,90.9,10/11,90.9,10/11,90.9,10/11,100.0,4/4,✔✔✔✔,4,23.9,1
BWB,— 資料不足/新上市,,,,,,,,,,,,,,,
CLFD,🔵 多數成長,2026Q2,10.1,40,67.5,27/40,70.0,14/20,66.7,8/12,25.0,1/4,✗✗✗✔,1,21.6,8
SFST,🟡 中性,2026Q1,22.3,21,61.9,13/21,60.0,12/20,41.7,5/12,100.0,4/4,✔✔✔✔,4,19.3,0
KRNY,— 資料不足/新上市,2023Q3,30.4,3,100.0,3/3,100.0,3/3,100.0,3/3,100.0,3/3,✔✔✔,3,30.8,0
MDXG,🔵 多數成長,2026Q1,4.1,25,48.0,12/25,50.0,10/20,75.0,9/12,100.0,4/4,✔✔✔✔,5,6.2,6
TREE,🟡 中性,2026Q1,42.9,40,75.0,30/40,50.0,10/20,50.0,6/12,75.0,3/4,✗✔✔✔,3,35.4,3
VLGEA,🟢 全期強勢,2026Q3,3.2,40,90.0,36/40,95.0,19/20,91.7,11/12,100.0,4/4,✔✔✔✔,11,4.3,10
CBNK,— 資料不足/新上市,,,,,,,,,,,,,,,
NVEC,🟡 中性,2026Q4,2.6,40,42.5,17/40,45.0,9/20,41.7,5/12,25.0,1/4,✗✗✗✔,1,1.9,9
GLRE,🟡 中性,2026Q1,11.5,40,55.0,22/40,60.0,12/20,58.3,7/12,75.0,3/4,✔✗✔✔,2,2828.1,2
BWMN,🟢 全期強勢,2026Q1,19.0,17,100.0,17/17,100.0,17/17,100.0,12/12,100.0,4/4,✔✔✔✔,17,37.2,4
MLAB,🔵 多數成長,2025Q4,93.0,30,80.0,24/30,70.0,14/20,75.0,9/12,75.0,3/4,✔✗✔✔,2,24.2,6
HBCP,— 資料不足/新上市,,,,,,,,,,,,,,,
BSRR,— 資料不足/新上市,,,,,,,,,,,,,,,
ELVA,— 資料不足/新上市,,,,,,,,,,,,,,,
ACIC,🟡 中性,2026Q1,8.4,33,84.8,28/33,75.0,15/20,58.3,7/12,50.0,2/4,✗✗✔✔,2,21.3,1
CTRN,🔴 轉弱/衰退,2026Q1,8.3,27,55.6,15/27,50.0,10/20,25.0,3/12,50.0,2/4,✔✗✗✔,1,3.3,5
FBIZ,— 資料不足/新上市,,,,,,,,,,,,,,,
GCBC,— 資料不足/新上市,,,,,,,,,,,,,,,
OSPN,🔵 多數成長,2026Q1,-2.3,40,60.0,24/40,65.0,13/20,75.0,9/12,50.0,2/4,✔✗✔✗,0,6.6,8
OBT,— 資料不足/新上市,,,,,,,,,,,,,,,
LOCO,🔵 多數成長,2026Q1,2.6,40,75.0,30/40,70.0,14/20,75.0,9/12,50.0,2/4,✔✗✗✔,1,4.7,10
ITIC,🟡 中性,2026Q1,5.9,40,57.5,23/40,65.0,13/20,58.3,7/12,50.0,2/4,✗✗✔✔,2,8.3,9
ESEA,— 資料不足/新上市,2021Q1,85.1,2,100.0,2/2,100.0,2/2,100.0,2/2,100.0,2/2,✔✔,2,42.7,0
PANL,🟡 中性,2026Q1,17.2,40,52.5,21/40,55.0,11/20,50.0,6/12,100.0,4/4,✔✔✔✔,4,11.1,10
YORW,🟢 全期強勢,2026Q1,4.7,29,89.7,26/29,95.0,19/20,91.7,11/12,75.0,3/4,✗✔✔✔,3,6.6,7
COFS,🟢 全期強勢,2026Q1,38.2,20,80.0,16/20,80.0,16/20,91.7,11/12,100.0,4/4,✔✔✔✔,5,73.3,0
GDYN,🔵 多數成長,2026Q1,25.8,17,70.6,12/17,70.6,12/17,75.0,9/12,75.0,3/4,✔✔✗✔,1,27.1,1
PDLB,— 資料不足/新上市,,,,,,,,,,,,,,,
GOGO,🔵 多數成長,2026Q1,120.8,40,72.5,29/40,65.0,13/20,75.0,9/12,50.0,2/4,✗✔✗✔,1,15.7,6
GRVY,— 資料不足/新上市,,,,,,,,,,,,,,,
FRPH,🟢 全期強勢,2026Q1,1.7,40,72.5,29/40,90.0,18/20,91.7,11/12,75.0,3/4,✗✔✔✔,3,4.4,5
RBBN,🟡 中性,2026Q1,0.9,25,60.0,15/25,55.0,11/20,50.0,6/12,75.0,3/4,✗✔✔✔,3,21.0,3
FSTR,🟡 中性,2026Q1,-21.3,39,48.7,19/39,40.0,8/20,41.7,5/12,0.0,0/4,✗✗✗✗,0,1.2,9
WILC,— 資料不足/新上市,,,,,,,,,,,,,,,
RPD,🟢 全期強勢,2026Q1,2.5,34,91.2,31/34,95.0,19/20,100.0,12/12,100.0,4/4,✔✔✔✔,13,32.2,4
TASK,🟡 中性,2026Q1,22.1,13,61.5,8/13,61.5,8/13,58.3,7/12,75.0,3/4,✔✔✗✔,1,17.7,1
BWFG,🟢 全期強勢,2026Q1,98.0,21,71.4,15/21,75.0,15/20,91.7,11/12,75.0,3/4,✔✔✗✔,1,20.8,5
VITL,🟢 全期強勢,2026Q1,9.6,16,100.0,16/16,100.0,16/16,100.0,12/12,100.0,4/4,✔✔✔✔,16,32.8,1
DCBO,— 資料不足/新上市,,,,,,,,,,,,,,,
RBB,🟡 中性,2026Q1,-17.1,21,61.9,13/21,60.0,12/20,41.7,5/12,25.0,1/4,✔✗✗✗,0,23.7,2
PBFS,🔵 多數成長,2026Q1,0.4,21,57.1,12/21,60.0,12/20,75.0,9/12,100.0,4/4,✔✔✔✔,5,3.6,5
GBFH,— 資料不足/新上市,,,,,,,,,,,,,,,
CLMB,🟢 全期強勢,2026Q1,49.4,40,87.5,35/40,90.0,18/20,83.3,10/12,75.0,3/4,✔✔✗✔,1,9.8,9
KMDA,— 資料不足/新上市,,,,,,,,,,,,,,,
FRBA,— 查無CIK(非SEC財報/ETF/ADR),,,,,,,,,,,,,,,
NATH,🔵 多數成長,2026Q4,6.2,36,69.4,25/36,65.0,13/20,75.0,9/12,100.0,4/4,✔✔✔✔,6,9.6,5
PAYS,🟢 全期強勢,2026Q1,41.0,40,87.5,35/40,80.0,16/20,100.0,12/12,100.0,4/4,✔✔✔✔,16,154.6,10
VMD,🟢 全期強勢,2026Q1,16.9,21,90.5,19/21,90.0,18/20,100.0,12/12,100.0,4/4,✔✔✔✔,12,25.2,3
IBEX,🟡 中性,2026Q3,11.0,7,57.1,4/7,57.1,4/7,57.1,4/7,100.0,4/4,✔✔✔✔,4,8.3,1
DCTH,🔵 多數成長,2026Q1,530.3,11,63.6,7/11,63.6,7/11,63.6,7/11,100.0,4/4,✔✔✔✔,5,685.8,2
FMAO,— 資料不足/新上市,,,,,,,,,,,,,,,
MTLS,— 資料不足/新上市,,,,,,,,,,,,,,,
TBRG,🔵 多數成長,2026Q1,3.7,40,62.5,25/40,65.0,13/20,75.0,9/12,100.0,4/4,✔✔✔✔,4,8.4,8
CZNC,— 資料不足/新上市,,,,,,,,,,,,,,,
LWAY,🟢 全期強勢,2026Q1,3.3,29,75.9,22/29,100.0,20/20,100.0,12/12,100.0,4/4,✔✔✔✔,22,7.4,7
API,— 資料不足/新上市,,,,,,,,,,,,,,,
PLBC,🟢 全期強勢,2025Q3,3.9,20,90.0,18/20,90.0,18/20,83.3,10/12,100.0,4/4,✔✔✔✔,10,4.8,1
FRST,— 資料不足/新上市,,,,,,,,,,,,,,,
PCB,🟡 中性,2026Q1,-0.7,27,63.0,17/27,50.0,10/20,58.3,7/12,25.0,1/4,✗✔✗✗,0,6.5,6
TSSI,🟢 全期強勢,2026Q1,522.7,40,60.0,24/40,70.0,14/20,83.3,10/12,75.0,3/4,✔✗✔✔,2,59.8,9
PKBK,— 資料不足/新上市,,,,,,,,,,,,,,,
GBLI,🔴 轉弱/衰退,2026Q1,-3.2,40,47.5,19/40,45.0,9/20,33.3,4/12,0.0,0/4,✗✗✗✗,0,7.6,9
NATR,🟡 中性,2026Q1,2.0,40,62.5,25/40,70.0,14/20,58.3,7/12,75.0,3/4,✗✔✔✔,3,3.3,10
ALLT,— 資料不足/新上市,2025Q2,-11.5,4,25.0,1/4,25.0,1/4,25.0,1/4,25.0,1/4,✔✗✗✗,0,-8.6,0
VOXR,— 資料不足/新上市,,,,,,,,,,,,,,,
USCB,— 資料不足/新上市,,,,,,,,,,,,,,,
FLXS,🟡 中性,2025Q4,-73.9,40,55.0,22/40,50.0,10/20,58.3,7/12,75.0,3/4,✔✔✔✗,0,11.2,9
PHOE,— 資料不足/新上市,,,,,,,,,,,,,,,
BCML,— 資料不足/新上市,,,,,,,,,,,,,,,
FNLC,— 資料不足/新上市,,,,,,,,,,,,,,,
NWFL,🔵 多數成長,2026Q1,15.7,25,68.0,17/25,70.0,14/20,66.7,8/12,75.0,3/4,✔✗✔✔,2,8.3,6
ARTNA,🔵 多數成長,2026Q1,5.5,29,72.4,21/29,80.0,16/20,75.0,9/12,75.0,3/4,✔✔✗✔,1,3.9,7
RILY,🟡 中性,2026Q1,-25.1,40,62.5,25/40,60.0,12/20,41.7,5/12,0.0,0/4,✗✗✗✗,0,57.9,3
STRT,🔵 多數成長,2026Q3,2.4,23,69.6,16/23,65.0,13/20,66.7,8/12,100.0,4/4,✔✔✔✔,7,7.3,4
TSBK,— 資料不足/新上市,,,,,,,,,,,,,,,
CZFS,🔵 多數成長,2026Q1,1.1,29,58.6,17/29,70.0,14/20,66.7,8/12,50.0,2/4,✔✗✗✔,1,6.5,7
OPAL,🟢 全期強勢,2026Q1,29.7,10,80.0,8/10,80.0,8/10,80.0,8/10,75.0,3/4,✔✔✗✔,1,18.8,2
PTLO,🟢 全期強勢,2026Q1,6.4,14,92.9,13/14,92.9,13/14,91.7,11/12,100.0,4/4,✔✔✔✔,5,16.9,3
ESOA,🟢 全期強勢,2026Q2,7.8,40,65.0,26/40,75.0,15/20,91.7,11/12,75.0,3/4,✔✗✔✔,2,21.5,10
TWIN,🟢 全期強勢,2026Q3,9.5,40,62.5,25/40,80.0,16/20,100.0,12/12,100.0,4/4,✔✔✔✔,16,6.3,10
RCKY,🟡 中性,2026Q1,1.0,40,50.0,20/40,60.0,12/20,50.0,6/12,25.0,1/4,✗✗✗✔,1,24.1,9
ORGO,🟡 中性,2026Q1,-21.2,21,66.7,14/21,65.0,13/20,41.7,5/12,50.0,2/4,✔✔✗✗,0,15.0,2
XNET,— 資料不足/新上市,,,,,,,,,,,,,,,
FSBW,🔵 多數成長,2024Q2,57.0,19,63.2,12/19,63.2,12/19,66.7,8/12,100.0,4/4,✔✔✔✔,6,4.2,3
GASS,— 資料不足/新上市,,,,,,,,,,,,,,,
ISSC,🔵 多數成長,2026Q2,104.3,40,62.5,25/40,85.0,17/20,75.0,9/12,75.0,3/4,✔✗✔✔,2,12.3,7
FNRN,— 資料不足/新上市,,,,,,,,,,,,,,,
JMSB,— 資料不足/新上市,,,,,,,,,,,,,,,
ZUMZ,🔴 轉弱/衰退,2026Q1,3.9,40,62.5,25/40,50.0,10/20,33.3,4/12,75.0,3/4,✗✔✔✔,3,8.1,9
FVCB,🔵 多數成長,2026Q1,6.4,8,62.5,5/8,62.5,5/8,62.5,5/8,100.0,4/4,✔✔✔✔,5,2.1,1
MYFW,🟡 中性,2026Q1,6.2,24,58.3,14/24,55.0,11/20,41.7,5/12,50.0,2/4,✗✗✔✔,2,10.5,5
FCCO,🔴 轉弱/衰退,2026Q1,-14.7,26,38.5,10/26,40.0,8/20,33.3,4/12,25.0,1/4,✔✗✗✗,0,2.5,6
ISBA,— 資料不足/新上市,2019Q3,2.9,2,100.0,2/2,100.0,2/2,100.0,2/2,100.0,2/2,✔✔,2,5.0,0
MPAA,🟡 中性,2026Q4,-0.9,40,65.0,26/40,60.0,12/20,58.3,7/12,75.0,3/4,✔✔✔✗,0,17.5,10
FDBC,— 資料不足/新上市,,,,,,,,,,,,,,,
OVLY,— 資料不足/新上市,,,,,,,,,,,,,,,
NAGE,🔵 多數成長,2026Q1,37.6,28,85.7,24/28,85.0,17/20,75.0,9/12,100.0,4/4,✔✔✔✔,4,24.1,7
FRAF,— 資料不足/新上市,,,,,,,,,,,,,,,
WNEB,— 資料不足/新上市,2021Q1,-22.2,2,0.0,0/2,0.0,0/2,0.0,0/2,0.0,0/2,✗✗,0,-25.1,0
FUNC,— 資料不足/新上市,2022Q4,7.1,4,100.0,4/4,100.0,4/4,100.0,4/4,100.0,4/4,✔✔✔✔,4,15.6,1
HWBK,— 資料不足/新上市,,,,,,,,,,,,,,,
RELL,🔵 多數成長,2026Q3,2.7,40,60.0,24/40,70.0,14/20,66.7,8/12,100.0,4/4,✔✔✔✔,4,16.5,10
FRD,🟡 中性,2026Q3,-18.9,24,58.3,14/24,60.0,12/20,58.3,7/12,25.0,1/4,✔✗✗✗,0,39.9,4
FXNC,🟡 中性,2026Q1,28.9,25,64.0,16/25,65.0,13/20,58.3,7/12,50.0,2/4,✗✗✔✔,2,12.9,6
BPRN,— 資料不足/新上市,,,,,,,,,,,,,,,
ATLO,— 資料不足/新上市,,,,,,,,,,,,,,,
EGHT,🟡 中性,2026Q4,-2.0,40,77.5,31/40,65.0,13/20,41.7,5/12,0.0,0/4,✗✗✗✗,0,24.5,10
AVNW,🟢 全期強勢,2026Q3,1.6,40,60.0,24/40,90.0,18/20,91.7,11/12,100.0,4/4,✔✔✔✔,7,0.7,10
CFFI,🟡 中性,2026Q1,6.3,40,62.5,25/40,55.0,11/20,58.3,7/12,75.0,3/4,✗✔✔✔,3,5.2,10
RGCO,🟡 中性,2026Q2,18.3,15,60.0,9/15,60.0,9/15,58.3,7/12,50.0,2/4,✔✗✗✔,1,15.3,1
SNFCA,🟡 中性,2026Q1,1.9,40,52.5,21/40,45.0,9/20,41.7,5/12,100.0,4/4,✔✔✔✔,5,6.1,9
HDSN,🟡 中性,2026Q1,-15.2,40,60.0,24/40,45.0,9/20,41.7,5/12,25.0,1/4,✗✗✔✗,0,17.9,6
REFI,— 資料不足/新上市,2023Q1,-0.7,1,0.0,0/1,0.0,0/1,0.0,0/1,0.0,0/1,✗,0,-0.7,0
VABK,— 資料不足/新上市,,,,,,,,,,,,,,,
PPIH,🟡 中性,2026Q3,-9.0,36,50.0,18/36,50.0,10/20,41.7,5/12,50.0,2/4,✗✔✔✗,0,-4.6,4
KINS,🟡 中性,2026Q1,41.2,40,72.5,29/40,50.0,10/20,41.7,5/12,75.0,3/4,✗✔✔✔,3,13.6,10
FBLA,— 資料不足/新上市,,,,,,,,,,,,,,,
LIEN,— 資料不足/新上市,,,,,,,,,,,,,,,
VFF,🟡 中性,2026Q1,-49.2,18,61.1,11/18,61.1,11/18,41.7,5/12,25.0,1/4,✔✗✗✗,0,15.0,2
PEBK,— 資料不足/新上市,,,,,,,,,,,,,,,
AUDC,— 資料不足/新上市,,,,,,,,,,,,,,,
CMTV,— 資料不足/新上市,,,,,,,,,,,,,,,
MRBK,🟢 全期強勢,2026Q1,16.6,6,100.0,6/6,100.0,6/6,100.0,6/6,100.0,4/4,✔✔✔✔,6,15.8,1
CXDO,🟢 全期強勢,2026Q1,12.4,40,100.0,40/40,100.0,20/20,100.0,12/12,100.0,4/4,✔✔✔✔,40,25.8,10
MFIN,— 資料不足/新上市,,,,,,,,,,,,,,,
OVBC,— 資料不足/新上市,,,,,,,,,,,,,,,
MNTK,🟡 中性,2026Q1,9.8,14,64.3,9/14,64.3,9/14,58.3,7/12,50.0,2/4,✗✔✗✔,1,19.7,1
NKSH,🔵 多數成長,2026Q1,12.0,22,68.2,15/22,70.0,14/20,75.0,9/12,100.0,4/4,✔✔✔✔,5,4.7,4
SPOK,🟡 中性,2026Q1,4.0,40,22.5,9/40,35.0,7/20,50.0,6/12,50.0,2/4,✗✗✔✔,2,-3.5,10
IMPP,— 資料不足/新上市,,,,,,,,,,,,,,,
DEFT,— 資料不足/新上市,,,,,,,,,,,,,,,
SGC,🟡 中性,2026Q1,-1.3,25,64.0,16/25,55.0,11/20,50.0,6/12,50.0,2/4,✔✔✗✗,0,11.5,3
OPBK,🟢 全期強勢,2026Q1,63.4,26,69.2,18/26,70.0,14/20,91.7,11/12,100.0,4/4,✔✔✔✔,4,14.7,5
RDCM,— 資料不足/新上市,,,,,,,,,,,,,,,
LOVE,🟢 全期強勢,2027Q1,4.3,25,88.0,22/25,85.0,17/20,83.3,10/12,75.0,3/4,✔✗✔✔,2,33.1,4
TYGO,🔴 轉弱/衰退,2026Q1,92.2,6,33.3,2/6,33.3,2/6,33.3,2/6,25.0,1/4,✗✗✗✔,1,9.6,0
CPSS,🟢 全期強勢,2026Q1,16.5,40,57.5,23/40,60.0,12/20,83.3,10/12,75.0,3/4,✔✔✗✔,1,9.7,10
MWC,— 資料不足/新上市,,,,,,,,,,,,,,,
FCAP,🔵 多數成長,2026Q1,-1.4,29,79.3,23/29,70.0,14/20,66.7,8/12,25.0,1/4,✗✔✗✗,0,7.5,7
JFIN,— 資料不足/新上市,,,,,,,,,,,,,,,
PMTS,🔵 多數成長,2026Q1,9.7,37,67.6,25/37,85.0,17/20,75.0,9/12,100.0,4/4,✔✔✔✔,4,5.1,8
SND,🔵 多數成長,2026Q1,-21.1,29,72.4,21/29,60.0,12/20,66.7,8/12,25.0,1/4,✗✗✔✗,0,60.8,3
PDEX,🟢 全期強勢,2026Q3,21.8,40,87.5,35/40,85.0,17/20,91.7,11/12,100.0,4/4,✔✔✔✔,11,20.5,9
GWRS,🟢 全期強勢,2026Q1,7.3,34,82.4,28/34,90.0,18/20,83.3,10/12,75.0,3/4,✔✗✔✔,2,6.3,6
OCC,🟡 中性,2026Q2,8.9,40,42.5,17/40,40.0,8/20,58.3,7/12,75.0,3/4,✗✔✔✔,3,-2.0,7
RBKB,🟢 全期強勢,2026Q1,4.0,26,73.1,19/26,80.0,16/20,100.0,12/12,100.0,4/4,✔✔✔✔,16,3.3,6
ANNA,— 資料不足/新上市,2026Q1,0.0,1,0.0,0/1,0.0,0/1,0.0,0/1,0.0,0/1,✗,0,0.0,0
CFBK,— 資料不足/新上市,2019Q3,20.8,1,100.0,1/1,100.0,1/1,100.0,1/1,100.0,1/1,✔,1,20.8,0
FINW,— 資料不足/新上市,,,,,,,,,,,,,,,
RFIL,🔵 多數成長,2026Q2,17.4,40,57.5,23/40,60.0,12/20,66.7,8/12,50.0,2/4,✗✔✗✔,1,16.4,7
CGEN,— 資料不足/新上市,,,,,,,,,,,,,,,
RCMT,🔵 多數成長,2026Q1,17.4,40,47.5,19/40,50.0,10/20,66.7,8/12,100.0,4/4,✔✔✔✔,5,2.9,9
EBMT,— 資料不足/新上市,,,,,,,,,,,,,,,
LARK,— 資料不足/新上市,,,,,,,,,,,,,,,
ECBK,— 資料不足/新上市,,,,,,,,,,,,,,,
TAYD,🔵 多數成長,2026Q3,-13.8,25,60.0,15/25,65.0,13/20,75.0,9/12,50.0,2/4,✔✔✗✗,0,11.6,5
BVFL,— 資料不足/新上市,,,,,,,,,,,,,,,
HTLM,— 資料不足/新上市,,,,,,,,,,,,,,,
SMID,🟢 全期強勢,2026Q1,35.5,40,72.5,29/40,70.0,14/20,91.7,11/12,100.0,4/4,✔✔✔✔,10,17.7,10
BMHL,— 資料不足/新上市,,,,,,,,,,,,,,,
ANTA,— 資料不足/新上市,,,,,,,,,,,,,,,
RMBI,— 資料不足/新上市,,,,,,,,,,,,,,,
CHCI,🟢 全期強勢,2026Q1,18.8,27,70.4,19/27,80.0,16/20,91.7,11/12,75.0,3/4,✔✗✔✔,2,11.6,5
SBFG,— 資料不足/新上市,2019Q3,2.5,2,100.0,2/2,100.0,2/2,100.0,2/2,100.0,2/2,✔✔,2,1.7,0
YDDL,— 資料不足/新上市,,,,,,,,,,,,,,,
SRBK,— 資料不足/新上市,,,,,,,,,,,,,,,
AFBI,— 資料不足/新上市,,,,,,,,,,,,,,,
BSET,🔴 轉弱/衰退,2026Q1,-5.1,40,47.5,19/40,40.0,8/20,33.3,4/12,0.0,0/4,✗✗✗✗,0,16.5,10
LSBK,— 資料不足/新上市,,,,,,,,,,,,,,,
CAAS,— 資料不足/新上市,,,,,,,,,,,,,,,
BYRN,🔵 多數成長,2026Q1,57.3,40,67.5,27/40,75.0,15/20,66.7,8/12,100.0,4/4,✔✔✔✔,5,408.7,9
DWSN,🔵 多數成長,2026Q1,-49.1,29,55.2,16/29,55.0,11/20,66.7,8/12,0.0,0/4,✗✗✗✗,0,101.3,7
JYNT,🔵 多數成長,2026Q1,7.3,40,92.5,37/40,85.0,17/20,75.0,9/12,25.0,1/4,✗✗✗✔,1,30.9,8
SPRO,🔴 轉弱/衰退,2026Q1,-91.4,24,16.7,4/24,20.0,4/20,8.3,1/12,0.0,0/4,✗✗✗✗,0,207.5,3
NCSM,🔵 多數成長,2026Q1,14.0,31,67.7,21/31,65.0,13/20,75.0,9/12,100.0,4/4,✔✔✔✔,5,29.2,6
CPSH,🟡 中性,2026Q1,26.9,40,55.0,22/40,55.0,11/20,50.0,6/12,25.0,1/4,✗✗✗✔,1,5.3,10
SAMG,🟡 中性,2026Q1,3.7,40,72.5,29/40,60.0,12/20,58.3,7/12,75.0,3/4,✗✔✔✔,3,14.0,9
ZJK,— 資料不足/新上市,,,,,,,,,,,,,,,
WSBK,— 資料不足/新上市,,,,,,,,,,,,,,,
BWEN,🟡 中性,2026Q1,-2.1,40,47.5,19/40,50.0,10/20,58.3,7/12,0.0,0/4,✗✗✗✗,0,0.8,10
MGYR,— 資料不足/新上市,,,,,,,,,,,,,,,
BSBK,— 資料不足/新上市,,,,,,,,,,,,,,,
SUNS,— 資料不足/新上市,2026Q1,128.1,3,33.3,1/3,33.3,1/3,33.3,1/3,33.3,1/3,✗✗✔,1,42.7,0
RENT,🔵 多數成長,2026Q1,-14.6,12,66.7,8/12,66.7,8/12,66.7,8/12,50.0,2/4,✔✔✗✗,0,24.6,1
CODA,🔵 多數成長,2026Q2,31.8,32,62.5,20/32,60.0,12/20,66.7,8/12,100.0,4/4,✔✔✔✔,5,10.0,7
BOTJ,🔵 多數成長,2026Q1,2.9,26,69.2,18/26,80.0,16/20,66.7,8/12,75.0,3/4,✔✗✔✔,2,15.0,6
UNB,— 資料不足/新上市,,,,,,,,,,,,,,,
KEQU,🟡 中性,2026Q3,43.6,40,57.5,23/40,55.0,11/20,58.3,7/12,50.0,2/4,✔✗✗✔,1,6.5,8
FTLF,🔵 多數成長,2026Q1,-3.7,40,67.5,27/40,70.0,14/20,75.0,9/12,75.0,3/4,✔✔✔✗,0,19.9,8
PROV,— 資料不足/新上市,,,,,,,,,,,,,,,
FBIO,🟡 中性,2026Q1,0.8,33,60.6,20/33,55.0,11/20,41.7,5/12,25.0,1/4,✗✗✗✔,1,601.1,6
FNWB,— 資料不足/新上市,,,,,,,,,,,,,,,
SLSN,🟢 全期強勢,2026Q1,48.2,40,77.5,31/40,90.0,18/20,83.3,10/12,100.0,4/4,✔✔✔✔,5,23.8,10
KG,— 資料不足/新上市,,,,,,,,,,,,,,,
OPRX,🔵 多數成長,2026Q1,11.4,40,87.5,35/40,85.0,17/20,75.0,9/12,100.0,4/4,✔✔✔✔,7,34.4,9
CCLD,🔴 轉弱/衰退,2026Q1,6.4,27,55.6,15/27,50.0,10/20,16.7,2/12,25.0,1/4,✗✗✗✔,1,23.5,6
UBCP,🟡 中性,2021Q3,-11.8,7,57.1,4/7,57.1,4/7,57.1,4/7,25.0,1/4,✔✗✗✗,0,0.3,0
FUSB,🟡 中性,2026Q1,-3.7,12,58.3,7/12,58.3,7/12,58.3,7/12,50.0,2/4,✔✔✗✗,0,6.5,2
VNCE,🔴 轉弱/衰退,2026Q1,-2.1,27,51.9,14/27,45.0,9/20,33.3,4/12,50.0,2/4,✔✗✔✗,0,4.1,6
OPXS,🟢 全期強勢,2026Q2,25.9,40,70.0,28/40,70.0,14/20,91.7,11/12,100.0,4/4,✔✔✔✔,9,18.1,10
AUBN,🔵 多數成長,2026Q1,-0.6,21,52.4,11/21,55.0,11/20,66.7,8/12,50.0,2/4,✗✔✔✗,0,-0.9,4
FDSB,— 資料不足/新上市,,,,,,,,,,,,,,,
SOTK,🟡 中性,2026Q4,7.4,40,72.5,29/40,65.0,13/20,50.0,6/12,50.0,2/4,✔✗✗✔,1,8.8,10
IDN,🔵 多數成長,2026Q1,4.6,40,65.0,26/40,75.0,15/20,66.7,8/12,50.0,2/4,✗✗✔✔,2,19.4,9
LFVN,🔴 轉弱/衰退,2026Q3,21.1,40,47.5,19/40,40.0,8/20,33.3,4/12,50.0,2/4,✗✗✔✔,2,6.4,6
HNNA,🔴 轉弱/衰退,2024Q3,12.7,40,62.5,25/40,30.0,6/20,25.0,3/12,25.0,1/4,✗✗✗✔,1,30.3,9
SNWV,🟢 全期強勢,2026Q1,64.2,40,70.0,28/40,95.0,19/20,100.0,12/12,100.0,4/4,✔✔✔✔,19,166.0,10
SDA,— 資料不足/新上市,2026Q1,19.9,1,100.0,1/1,100.0,1/1,100.0,1/1,100.0,1/1,✔,1,19.9,0
CPBI,— 資料不足/新上市,,,,,,,,,,,,,,,
HOUR,🟢 全期強勢,2026Q1,4.7,13,92.3,12/13,92.3,12/13,91.7,11/12,75.0,3/4,✔✔✗✔,1,33.9,3
RSSS,🟢 全期強勢,2026Q3,4.5,40,80.0,32/40,90.0,18/20,100.0,12/12,100.0,4/4,✔✔✔✔,14,4.3,9
FATN,— 資料不足/新上市,,,,,,,,,,,,,,,
AHMA,— 資料不足/新上市,,,,,,,,,,,,,,,
SFWL,— 資料不足/新上市,,,,,,,,,,,,,,,
LNSR,🔵 多數成長,2026Q1,42.1,18,72.2,13/18,72.2,13/18,66.7,8/12,100.0,4/4,✔✔✔✔,8,20.5,4
ANPA,— 資料不足/新上市,,,,,,,,,,,,,,,
ALAR,— 資料不足/新上市,,,,,,,,,,,,,,,
RGS,🔴 轉弱/衰退,2026Q3,15.8,40,12.5,5/40,15.0,3/20,16.7,2/12,25.0,1/4,✗✗✗✔,1,-15.1,10
CLST,— 資料不足/新上市,,,,,,,,,,,,,,,
ASRV,🟡 中性,2026Q1,-14.5,19,63.2,12/19,63.2,12/19,58.3,7/12,75.0,3/4,✔✔✔✗,0,7.3,4
GLBS,— 資料不足/新上市,,,,,,,,,,,,,,,
SELF,🟢 全期強勢,2026Q1,3.0,31,80.6,25/31,90.0,18/20,83.3,10/12,100.0,4/4,✔✔✔✔,4,8.0,6
VIOT,— 資料不足/新上市,,,,,,,,,,,,,,,
JRSH,🔵 多數成長,2026Q4,35.6,10,70.0,7/10,70.0,7/10,70.0,7/10,100.0,4/4,✔✔✔✔,4,18.0,1
LFS,— 資料不足/新上市,,,,,,,,,,,,,,,
EHTH,🟡 中性,2026Q1,21.7,40,52.5,21/40,60.0,12/20,50.0,6/12,50.0,2/4,✗✗✔✔,2,18.6,9
SPCB,— 資料不足/新上市,,,,,,,,,,,,,,,
TCBS,— 資料不足/新上市,,,,,,,,,,,,,,,
TOUR,— 資料不足/新上市,,,,,,,,,,,,,,,
NTWK,🔵 多數成長,2026Q3,13.4,40,55.0,22/40,60.0,12/20,75.0,9/12,100.0,4/4,✔✔✔✔,5,4.7,8
SOGP,— 資料不足/新上市,,,,,,,,,,,,,,,
MBBC,— 資料不足/新上市,,,,,,,,,,,,,,,
HGBL,🔵 多數成長,2026Q1,10.7,40,62.5,25/40,60.0,12/20,66.7,8/12,25.0,1/4,✗✗✗✔,1,15.2,10
KFFB,— 資料不足/新上市,,,,,,,,,,,,,,,
FNWB,— 資料不足/新上市,,,,,,,,,,,,,,,
AAME,🔴 轉弱/衰退,2025Q3,-0.2,40,60.0,24/40,50.0,10/20,33.3,4/12,50.0,2/4,✔✔✗✗,0,1.8,10
DEFT,— 資料不足/新上市,,,,,,,,,,,,,,,
HUIZ,— 資料不足/新上市,,,,,,,,,,,,,,,
GVH,— 資料不足/新上市,,,,,,,,,,,,,,,
CRE,— 資料不足/新上市,,,,,,,,,,,,,,,
RAY,— 資料不足/新上市,,,,,,,,,,,,,,,
JCSE,— 資料不足/新上市,,,,,,,,,,,,,,,
HXHX,— 資料不足/新上市,,,,,,,,,,,,,,,
CHR,— 資料不足/新上市,,,,,,,,,,,,,,,
CHSN,— 資料不足/新上市,,,,,,,,,,,,,,,
TWG,— 資料不足/新上市,,,,,,,,,,,,,,,
HKIT,— 資料不足/新上市,,,,,,,,,,,,,,,
MASK,— 資料不足/新上市,,,,,,,,,,,,,,,
SAGT,— 資料不足/新上市,,,,,,,,,,,,,,,
MSGM,🟡 中性,2026Q1,-41.9,17,41.2,7/17,41.2,7/17,41.7,5/12,75.0,3/4,✔✔✔✗,0,-3.0,4
JVA,🔵 多數成長,2026Q2,22.8,28,57.1,16/28,65.0,13/20,75.0,9/12,100.0,4/4,✔✔✔✔,7,3.2,6
RECT,— 資料不足/新上市,,,,,,,,,,,,,,,
GTEC,🔴 轉弱/衰退,2026Q1,-4.6,21,52.4,11/21,55.0,11/20,33.3,4/12,0.0,0/4,✗✗✗✗,0,15.9,5
WETH,🔴 轉弱/衰退,2026Q1,-9.3,15,40.0,6/15,40.0,6/15,33.3,4/12,0.0,0/4,✗✗✗✗,0,6.9,2
SWVL,— 資料不足/新上市,,,,,,,,,,,,,,,
PETZ,— 資料不足/新上市,,,,,,,,,,,,,,,
TLIH,— 資料不足/新上市,,,,,,,,,,,,,,,
